experiment,condition_id,context,fragment_names,n_fragments,cue_stanchions,cue_waiting_area,cue_service_sign,cue_social_density,n_primitives,primitive_set,sequence,sequence_length,backbone_length,total_VFE,mean_VFE,max_VFE,total_EFE,n_obligatory,n_advancing,n_returning,topology_density,weighted_scores,primitive_weights,D_KL_from_baseline
exp2,exp2_reception_k1_observe_scene,reception,observe_scene,1,0,0,0,0,2,"gaze-scan,scan-environment",gaze-scan -> scan-environment,2,1,0.0,0.0,-0.0,0.210721,0,1,1,1.0,"{""observe_scene"": 0.050625}","{""gaze-scan"": 0.025313, ""scan-environment"": 0.025313}",0.0
exp2,exp2_reception_k1_queue_position,reception,queue_position,1,0,0,0,0,2,"position-in-queue,yield-pass",yield-pass -> position-in-queue,2,1,0.0,0.0,-0.0,0.446287,2,1,1,1.0,"{""queue_position"": 0.045}","{""yield-pass"": 0.0225, ""position-in-queue"": 0.0225}",0.0
exp2,exp2_reception_k1_wait_patiently,reception,wait_patiently,1,0,0,0,0,2,"wait-acknowledge,wait-for-turn",wait-acknowledge -> wait-for-turn,2,1,0.0,0.0,-0.0,0.71335,0,1,1,1.0,"{""wait_patiently"": 0.039375}","{""wait-acknowledge"": 0.019687, ""wait-for-turn"": 0.019687}",0.0
exp2,exp2_reception_k1_approach_service,reception,approach_service,1,0,0,0,0,2,"approach-counter,gaze-at-agent",approach-counter -> gaze-at-agent,2,2,0.0,0.0,-0.0,0.210721,0,2,0,1.0,"{""approach_service"": 0.050625}","{""approach-counter"": 0.025313, ""gaze-at-agent"": 0.025313}",0.0
exp2,exp2_reception_k1_courtesy_space,reception,courtesy_space,1,0,0,0,0,2,"gaze-avert,yield-pass",gaze-avert -> yield-pass,2,0,0.0,0.0,-0.0,2.407946,1,0,2,1.0,"{""courtesy_space"": 0.016875}","{""gaze-avert"": 0.008438, ""yield-pass"": 0.008438}",0.0
exp2,exp2_reception_k1_direct_approach,reception,direct_approach,1,0,0,0,0,2,"approach-counter,engage-staff",approach-counter -> engage-staff,2,2,0.0,0.0,-0.0,0.102587,0,2,0,1.0,"{""direct_approach"": 0.053438}","{""engage-staff"": 0.026719, ""approach-counter"": 0.026719}",0.0
exp2,exp2_reception_k2_observe_scene_queue_position,reception,"observe_scene,queue_position",2,0,0,0,0,4,"gaze-scan,position-in-queue,scan-environment,yield-pass",scan-environment -> gaze-scan -> position-in-queue -> yield-pass,4,2,4.60517,1.535057,2.302585,4.15412,2,2,2,1.0,"{""observe_scene"": 0.08625, ""queue_position"": 0.08375}","{""gaze-scan"": 0.043125, ""scan-environment"": 0.043125, ""yield-pass"": 0.041875, ""position-in-queue"": 0.041875}",0.0
exp2,exp2_reception_k2_observe_scene_wait_patiently,reception,"observe_scene,wait_patiently",2,0,0,0,0,4,"gaze-scan,scan-environment,wait-acknowledge,wait-for-turn",gaze-scan -> wait-acknowledge -> scan-environment -> wait-for-turn,4,2,4.60517,1.535057,2.302585,4.538965,0,2,2,1.0,"{""observe_scene"": 0.0825, ""wait_patiently"": 0.0775}","{""gaze-scan"": 0.04125, ""scan-environment"": 0.04125, ""wait-acknowledge"": 0.03875, ""wait-for-turn"": 0.03875}",0.0
exp2,exp2_reception_k2_observe_scene_approach_service,reception,"observe_scene,approach_service",2,0,0,0,0,4,"approach-counter,gaze-at-agent,gaze-scan,scan-environment",gaze-scan -> scan-environment -> approach-counter -> gaze-at-agent,4,3,4.60517,1.535057,2.302585,4.568863,0,3,1,1.0,"{""observe_scene"": 0.09, ""approach_service"": 0.09}","{""gaze-scan"": 0.045, ""scan-environment"": 0.045, ""approach-counter"": 0.045, ""gaze-at-agent"": 0.045}",0.0
exp2,exp2_reception_k2_observe_scene_courtesy_space,reception,"observe_scene,courtesy_space",2,0,0,0,0,4,"gaze-avert,gaze-scan,scan-environment,yield-pass",gaze-scan -> yield-pass -> scan-environment -> gaze-avert,4,1,4.60517,1.535057,2.302585,5.134949,1,1,3,1.0,"{""observe_scene"": 0.0675, ""courtesy_space"": 0.0525}","{""gaze-scan"": 0.03375, ""scan-environment"": 0.03375, ""gaze-avert"": 0.02625, ""yield-pass"": 0.02625}",0.0
exp2,exp2_reception_k2_observe_scene_direct_approach,reception,"observe_scene,direct_approach",2,0,0,0,0,4,"approach-counter,engage-staff,gaze-scan,scan-environment",gaze-scan -> approach-counter -> engage-staff -> scan-environment,4,3,2.302585,0.767528,2.302585,3.928202,0,3,1,1.0,"{""direct_approach"": 0.093125, ""observe_scene"": 0.091875}","{""engage-staff"": 0.046563, ""approach-counter"": 0.046563, ""gaze-scan"": 0.045937, ""scan-environment"": 0.045937}",0.0
exp2,exp2_reception_k2_queue_position_wait_patiently,reception,"queue_position,wait_patiently",2,0,0,0,0,4,"position-in-queue,wait-acknowledge,wait-for-turn,yield-pass",wait-acknowledge -> yield-pass -> position-in-queue -> wait-for-turn,4,2,0.0,0.0,-0.0,3.956506,2,2,2,1.0,"{""queue_position"": 0.07625, ""wait_patiently"": 0.07375}","{""yield-pass"": 0.038125, ""position-in-queue"": 0.038125, ""wait-acknowledge"": 0.036875, ""wait-for-turn"": 0.036875}",0.0
exp2,exp2_reception_k2_queue_position_approach_service,reception,"queue_position,approach_service",2,0,0,0,0,4,"approach-counter,gaze-at-agent,position-in-queue,yield-pass",approach-counter -> gaze-at-agent -> position-in-queue -> yield-pass,4,3,6.907755,2.302585,2.302585,4.804429,2,3,1,1.0,"{""approach_service"": 0.08625, ""queue_position"": 0.08375}","{""approach-counter"": 0.043125, ""gaze-at-agent"": 0.043125, ""yield-pass"": 0.041875, ""position-in-queue"": 0.041875}",0.0
exp2,exp2_reception_k2_queue_position_courtesy_space,reception,"queue_position,courtesy_space",2,0,0,0,0,3,"gaze-avert,position-in-queue,yield-pass",gaze-avert -> yield-pass -> position-in-queue,3,1,0.0,0.0,-0.0,2.952679,2,1,2,1.0,"{""queue_position"": 0.06125, ""courtesy_space"": 0.04875}","{""yield-pass"": 0.055, ""position-in-queue"": 0.030625, ""gaze-avert"": 0.024375}",0.0
exp2,exp2_reception_k2_queue_position_direct_approach,reception,"queue_position,direct_approach",2,0,0,0,0,4,"approach-counter,engage-staff,position-in-queue,yield-pass",yield-pass -> approach-counter -> engage-staff -> position-in-queue,4,3,2.302585,0.767528,2.302585,4.163768,2,3,1,1.0,"{""direct_approach"": 0.089375, ""queue_position"": 0.085625}","{""engage-staff"": 0.044688, ""approach-counter"": 0.044688, ""yield-pass"": 0.042813, ""position-in-queue"": 0.042813}",0.0
exp2,exp2_reception_k2_wait_patiently_approach_service,reception,"wait_patiently,approach_service",2,0,0,0,0,4,"approach-counter,gaze-at-agent,wait-acknowledge,wait-for-turn",wait-for-turn -> approach-counter -> gaze-at-agent -> wait-acknowledge,4,3,2.302585,0.767528,2.302585,3.72094,0,3,1,1.0,"{""approach_service"": 0.0825, ""wait_patiently"": 0.0775}","{""approach-counter"": 0.04125, ""gaze-at-agent"": 0.04125, ""wait-acknowledge"": 0.03875, ""wait-for-turn"": 0.03875}",0.0
exp2,exp2_reception_k2_wait_patiently_courtesy_space,reception,"wait_patiently,courtesy_space",2,0,0,0,0,4,"gaze-avert,wait-acknowledge,wait-for-turn,yield-pass",wait-acknowledge -> yield-pass -> wait-for-turn -> gaze-avert,4,1,4.60517,1.535057,2.302585,6.174391,1,1,3,1.0,"{""wait_patiently"": 0.055, ""courtesy_space"": 0.045}","{""wait-acknowledge"": 0.0275, ""wait-for-turn"": 0.0275, ""gaze-avert"": 0.0225, ""yield-pass"": 0.0225}",0.0
exp2,exp2_reception_k2_wait_patiently_direct_approach,reception,"wait_patiently,direct_approach",2,0,0,0,0,4,"approach-counter,engage-staff,wait-acknowledge,wait-for-turn",wait-for-turn -> approach-counter -> engage-staff -> wait-acknowledge,4,3,0.0,0.0,-0.0,3.612806,0,3,1,1.0,"{""direct_approach"": 0.085625, ""wait_patiently"": 0.079375}","{""engage-staff"": 0.042813, ""approach-counter"": 0.042813, ""wait-acknowledge"": 0.039687, ""wait-for-turn"": 0.039687}",0.0
exp2,exp2_reception_k2_approach_service_courtesy_space,reception,"approach_service,courtesy_space",2,0,0,0,0,4,"approach-counter,gaze-at-agent,gaze-avert,yield-pass",gaze-avert -> yield-pass -> approach-counter -> gaze-at-agent,4,2,2.302585,0.767528,2.302585,5.701035,1,2,2,1.0,"{""approach_service"": 0.0675, ""courtesy_space"": 0.0525}","{""approach-counter"": 0.03375, ""gaze-at-agent"": 0.03375, ""gaze-avert"": 0.02625, ""yield-pass"": 0.02625}",0.0
exp2,exp2_reception_k2_approach_service_direct_approach,reception,"approach_service,direct_approach",2,0,0,0,0,3,"approach-counter,engage-staff,gaze-at-agent",approach-counter -> engage-staff -> gaze-at-agent,3,3,0.0,0.0,-0.0,1.067788,0,3,0,1.0,"{""direct_approach"": 0.093125, ""approach_service"": 0.091875}","{""engage-staff"": 0.046563, ""approach-counter"": 0.0925, ""gaze-at-agent"": 0.045937}",0.0
exp2,exp2_reception_k2_courtesy_space_direct_approach,reception,"courtesy_space,direct_approach",2,0,0,0,0,4,"approach-counter,engage-staff,gaze-avert,yield-pass",engage-staff -> gaze-avert -> yield-pass -> approach-counter,4,2,0.0,0.0,-0.0,4.774875,1,2,2,1.0,"{""direct_approach"": 0.070625, ""courtesy_space"": 0.054375}","{""engage-staff"": 0.035313, ""approach-counter"": 0.035313, ""gaze-avert"": 0.027187, ""yield-pass"": 0.027187}",0.0
exp2,exp2_reception_k3_observe_scene_queue_position_wait_patiently,reception,"observe_scene,queue_position,wait_patiently",3,0,0,0,0,6,"gaze-scan,position-in-queue,scan-environment,wait-acknowledge,wait-for-turn,yield-pass",scan-environment -> gaze-scan -> position-in-queue -> wait-for-turn -> yield-pass -> wait-acknowledge,6,3,6.907755,1.381551,2.302585,8.598091,2,3,3,1.0,"{""observe_scene"": 0.083918, ""queue_position"": 0.080018, ""wait_patiently"": 0.076095}","{""gaze-scan"": 0.041959, ""scan-environment"": 0.041959, ""yield-pass"": 0.040009, ""position-in-queue"": 0.040009, ""wait-acknowledge"": 0.038047, ""wait-for-turn"": 0.038047}",0.0
exp2,exp2_reception_k3_observe_scene_queue_position_approach_service,reception,"observe_scene,queue_position,approach_service",3,0,0,0,0,6,"approach-counter,gaze-at-agent,gaze-scan,position-in-queue,scan-environment,yield-pass",scan-environment -> position-in-queue -> approach-counter -> gaze-at-agent -> gaze-scan -> yield-pass,6,4,9.21034,1.842068,2.302585,9.346824,2,4,2,1.0,"{""approach_service"": 0.08795, ""observe_scene"": 0.087885, ""queue_position"": 0.084054}","{""approach-counter"": 0.043975, ""gaze-at-agent"": 0.043975, ""gaze-scan"": 0.043942, ""scan-environment"": 0.043942, ""yield-pass"": 0.042027, ""position-in-queue"": 0.042027}",0.0
exp2,exp2_reception_k3_observe_scene_queue_position_courtesy_space,reception,"observe_scene,queue_position,courtesy_space",3,0,0,0,0,5,"gaze-avert,gaze-scan,position-in-queue,scan-environment,yield-pass",scan-environment -> gaze-scan -> position-in-queue -> yield-pass -> gaze-avert,5,2,6.907755,1.726939,2.302585,7.332364,2,2,3,1.0,"{""observe_scene"": 0.076575, ""queue_position"": 0.071307, ""courtesy_space"": 0.052069}","{""gaze-scan"": 0.038287, ""scan-environment"": 0.038287, ""yield-pass"": 0.061688, ""position-in-queue"": 0.035653, ""gaze-avert"": 0.026034}",0.0
exp2,exp2_reception_k3_observe_scene_queue_position_direct_approach,reception,"observe_scene,queue_position,direct_approach",3,0,0,0,0,6,"approach-counter,engage-staff,gaze-scan,position-in-queue,scan-environment,yield-pass",scan-environment -> position-in-queue -> engage-staff -> approach-counter -> gaze-scan -> yield-pass,6,4,9.21034,1.842068,2.302585,8.623605,2,4,2,1.0,"{""direct_approach"": 0.090958, ""observe_scene"": 0.088749, ""queue_position"": 0.084957}","{""engage-staff"": 0.045479, ""approach-counter"": 0.045479, ""gaze-scan"": 0.044374, ""scan-environment"": 0.044374, ""yield-pass"": 0.042478, ""position-in-queue"": 0.042478}",0.0
exp2,exp2_reception_k3_observe_scene_wait_patiently_approach_service,reception,"observe_scene,wait_patiently,approach_service",3,0,0,0,0,6,"approach-counter,gaze-at-agent,gaze-scan,scan-environment,wait-acknowledge,wait-for-turn",wait-for-turn -> gaze-scan -> approach-counter -> gaze-at-agent -> scan-environment -> wait-acknowledge,6,4,9.21034,1.842068,2.302585,8.782684,0,4,2,1.0,"{""approach_service"": 0.086018, ""observe_scene"": 0.085801, ""wait_patiently"": 0.078119}","{""approach-counter"": 0.043009, ""gaze-at-agent"": 0.043009, ""gaze-scan"": 0.0429, ""scan-environment"": 0.0429, ""wait-acknowledge"": 0.039059, ""wait-for-turn"": 0.039059}",0.0
exp2,exp2_reception_k3_observe_scene_wait_patiently_courtesy_space,reception,"observe_scene,wait_patiently,courtesy_space",3,0,0,0,0,6,"gaze-avert,gaze-scan,scan-environment,wait-acknowledge,wait-for-turn,yield-pass",gaze-scan -> yield-pass -> scan-environment -> wait-for-turn -> wait-acknowledge -> gaze-avert,6,2,6.907755,1.381551,2.302585,9.666877,1,2,4,1.0,"{""observe_scene"": 0.074454, ""wait_patiently"": 0.066543, ""courtesy_space"": 0.050276}","{""gaze-scan"": 0.037227, ""scan-environment"": 0.037227, ""wait-acknowledge"": 0.033271, ""wait-for-turn"": 0.033271, ""gaze-avert"": 0.025138, ""yield-pass"": 0.025138}",0.0
exp2,exp2_reception_k3_observe_scene_wait_patiently_direct_approach,reception,"observe_scene,wait_patiently,direct_approach",3,0,0,0,0,6,"approach-counter,engage-staff,gaze-scan,scan-environment,wait-acknowledge,wait-for-turn",wait-for-turn -> gaze-scan -> approach-counter -> engage-staff -> wait-acknowledge -> scan-environment,6,4,2.302585,0.460517,2.302585,7.885649,0,4,2,1.0,"{""direct_approach"": 0.089105, ""observe_scene"": 0.086603, ""wait_patiently"": 0.07899}","{""engage-staff"": 0.044553, ""approach-counter"": 0.044553, ""gaze-scan"": 0.043302, ""scan-environment"": 0.043302, ""wait-acknowledge"": 0.039495, ""wait-for-turn"": 0.039495}",0.0
exp2,exp2_reception_k3_observe_scene_approach_service_courtesy_space,reception,"observe_scene,approach_service,courtesy_space",3,0,0,0,0,6,"approach-counter,gaze-at-agent,gaze-avert,gaze-scan,scan-environment,yield-pass",gaze-at-agent -> gaze-avert -> approach-counter -> gaze-scan -> scan-environment -> yield-pass,6,3,6.907755,1.381551,2.302585,9.851461,1,3,3,1.0,"{""approach_service"": 0.080237, ""observe_scene"": 0.078597, ""courtesy_space"": 0.054612}","{""approach-counter"": 0.040119, ""gaze-at-agent"": 0.040119, ""gaze-scan"": 0.039299, ""scan-environment"": 0.039299, ""gaze-avert"": 0.027306, ""yield-pass"": 0.027306}",0.0
exp2,exp2_reception_k3_observe_scene_approach_service_direct_approach,reception,"observe_scene,approach_service,direct_approach",3,0,0,0,0,5,"approach-counter,engage-staff,gaze-at-agent,gaze-scan,scan-environment",gaze-scan -> approach-counter -> engage-staff -> gaze-at-agent -> scan-environment,5,4,2.302585,0.575646,2.302585,5.129869,0,4,1,1.0,"{""direct_approach"": 0.092975, ""approach_service"": 0.091103, ""observe_scene"": 0.090989}","{""engage-staff"": 0.046488, ""approach-counter"": 0.092039, ""gaze-at-agent"": 0.045552, ""gaze-scan"": 0.045494, ""scan-environment"": 0.045494}",0.0
exp2,exp2_reception_k3_observe_scene_courtesy_space_direct_approach,reception,"observe_scene,courtesy_space,direct_approach",3,0,0,0,0,6,"approach-counter,engage-staff,gaze-avert,gaze-scan,scan-environment,yield-pass",gaze-scan -> approach-counter -> engage-staff -> gaze-avert -> scan-environment -> yield-pass,6,3,2.302585,0.460517,2.302585,8.968157,1,3,3,1.0,"{""direct_approach"": 0.083145, ""observe_scene"": 0.079175, ""courtesy_space"": 0.055389}","{""engage-staff"": 0.041573, ""approach-counter"": 0.041573, ""gaze-scan"": 0.039588, ""scan-environment"": 0.039588, ""gaze-avert"": 0.027694, ""yield-pass"": 0.027694}",0.0
exp2,exp2_reception_k3_queue_position_wait_patiently_approach_service,reception,"queue_position,wait_patiently,approach_service",3,0,0,0,0,6,"approach-counter,gaze-at-agent,position-in-queue,wait-acknowledge,wait-for-turn,yield-pass",position-in-queue -> wait-for-turn -> yield-pass -> approach-counter -> gaze-at-agent -> wait-acknowledge,6,4,4.60517,0.921034,2.302585,8.22935,2,4,2,1.0,"{""approach_service"": 0.083942, ""queue_position"": 0.079868, ""wait_patiently"": 0.075966}","{""approach-counter"": 0.041971, ""gaze-at-agent"": 0.041971, ""yield-pass"": 0.039934, ""position-in-queue"": 0.039934, ""wait-acknowledge"": 0.037983, ""wait-for-turn"": 0.037983}",0.0
exp2,exp2_reception_k3_queue_position_wait_patiently_courtesy_space,reception,"queue_position,wait_patiently,courtesy_space",3,0,0,0,0,5,"gaze-avert,position-in-queue,wait-acknowledge,wait-for-turn,yield-pass",wait-acknowledge -> gaze-avert -> yield-pass -> position-in-queue -> wait-for-turn,5,2,0.0,0.0,-0.0,6.485633,2,2,3,1.0,"{""queue_position"": 0.067426, ""wait_patiently"": 0.064351, ""courtesy_space"": 0.048478}","{""yield-pass"": 0.057952, ""position-in-queue"": 0.033713, ""wait-acknowledge"": 0.032176, ""wait-for-turn"": 0.032176, ""gaze-avert"": 0.024239}",0.0
exp2,exp2_reception_k3_queue_position_wait_patiently_direct_approach,reception,"queue_position,wait_patiently,direct_approach",3,0,0,0,0,6,"approach-counter,engage-staff,position-in-queue,wait-acknowledge,wait-for-turn,yield-pass",position-in-queue -> wait-for-turn -> approach-counter -> engage-staff -> wait-acknowledge -> yield-pass,6,4,0.0,0.0,-0.0,7.367238,2,4,2,1.0,"{""direct_approach"": 0.086866, ""queue_position"": 0.080493, ""wait_patiently"": 0.076666}","{""engage-staff"": 0.043433, ""approach-counter"": 0.043433, ""yield-pass"": 0.040247, ""position-in-queue"": 0.040247, ""wait-acknowledge"": 0.038333, ""wait-for-turn"": 0.038333}",0.0
exp2,exp2_reception_k3_queue_position_approach_service_courtesy_space,reception,"queue_position,approach_service,courtesy_space",3,0,0,0,0,5,"approach-counter,gaze-at-agent,gaze-avert,position-in-queue,yield-pass",gaze-at-agent -> gaze-avert -> yield-pass -> approach-counter -> position-in-queue,5,3,2.302585,0.575646,2.302585,7.422866,2,3,2,1.0,"{""approach_service"": 0.077647, ""queue_position"": 0.070939, ""courtesy_space"": 0.051776}","{""approach-counter"": 0.038823, ""gaze-at-agent"": 0.038823, ""yield-pass"": 0.061358, ""position-in-queue"": 0.03547, ""gaze-avert"": 0.025888}",0.0
exp2,exp2_reception_k3_queue_position_approach_service_direct_approach,reception,"queue_position,approach_service,direct_approach",3,0,0,0,0,5,"approach-counter,engage-staff,gaze-at-agent,position-in-queue,yield-pass",yield-pass -> approach-counter -> engage-staff -> gaze-at-agent -> position-in-queue,5,4,2.302585,0.575646,2.302585,5.365435,2,4,1,1.0,"{""direct_approach"": 0.09126, ""approach_service"": 0.089264, ""queue_position"": 0.085062}","{""engage-staff"": 0.04563, ""approach-counter"": 0.090262, ""gaze-at-agent"": 0.044632, ""yield-pass"": 0.042531, ""position-in-queue"": 0.042531}",0.0
exp2,exp2_reception_k3_queue_position_courtesy_space_direct_approach,reception,"queue_position,courtesy_space,direct_approach",3,0,0,0,0,5,"approach-counter,engage-staff,gaze-avert,position-in-queue,yield-pass",approach-counter -> engage-staff -> gaze-avert -> yield-pass -> position-in-queue,5,3,0.0,0.0,-0.0,6.518114,2,3,2,1.0,"{""direct_approach"": 0.080189, ""queue_position"": 0.07094, ""courtesy_space"": 0.052273}","{""engage-staff"": 0.040095, ""approach-counter"": 0.040095, ""yield-pass"": 0.061607, ""position-in-queue"": 0.03547, ""gaze-avert"": 0.026137}",0.0
exp2,exp2_reception_k3_wait_patiently_approach_service_courtesy_space,reception,"wait_patiently,approach_service,courtesy_space",3,0,0,0,0,6,"approach-counter,gaze-at-agent,gaze-avert,wait-acknowledge,wait-for-turn,yield-pass",wait-for-turn -> yield-pass -> approach-counter -> gaze-at-agent -> wait-acknowledge -> gaze-avert,6,3,4.60517,0.921034,2.302585,9.830235,1,3,3,1.0,"{""approach_service"": 0.075075, ""wait_patiently"": 0.065832, ""courtesy_space"": 0.049644}","{""approach-counter"": 0.037537, ""gaze-at-agent"": 0.037537, ""wait-acknowledge"": 0.032916, ""wait-for-turn"": 0.032916, ""gaze-avert"": 0.024822, ""yield-pass"": 0.024822}",0.0
exp2,exp2_reception_k3_wait_patiently_approach_service_direct_approach,reception,"wait_patiently,approach_service,direct_approach",3,0,0,0,0,5,"approach-counter,engage-staff,gaze-at-agent,wait-acknowledge,wait-for-turn",wait-for-turn -> approach-counter -> gaze-at-agent -> engage-staff -> wait-acknowledge,5,4,2.302585,0.575646,2.302585,5.243986,0,4,1,1.0,"{""direct_approach"": 0.089703, ""approach_service"": 0.087592, ""wait_patiently"": 0.079185}","{""engage-staff"": 0.044851, ""approach-counter"": 0.088647, ""gaze-at-agent"": 0.043796, ""wait-acknowledge"": 0.039593, ""wait-for-turn"": 0.039593}",0.0
exp2,exp2_reception_k3_wait_patiently_courtesy_space_direct_approach,reception,"wait_patiently,courtesy_space,direct_approach",3,0,0,0,0,6,"approach-counter,engage-staff,gaze-avert,wait-acknowledge,wait-for-turn,yield-pass",wait-for-turn -> yield-pass -> approach-counter -> engage-staff -> wait-acknowledge -> gaze-avert,6,3,2.302585,0.460517,2.302585,8.759384,1,3,3,1.0,"{""direct_approach"": 0.077618, ""wait_patiently"": 0.06581, ""courtesy_space"": 0.050171}","{""engage-staff"": 0.038809, ""approach-counter"": 0.038809, ""wait-acknowledge"": 0.032905, ""wait-for-turn"": 0.032905, ""gaze-avert"": 0.025086, ""yield-pass"": 0.025086}",0.0
exp2,exp2_reception_k3_approach_service_courtesy_space_direct_approach,reception,"approach_service,courtesy_space,direct_approach",3,0,0,0,0,5,"approach-counter,engage-staff,gaze-at-agent,gaze-avert,yield-pass",gaze-avert -> yield-pass -> approach-counter -> gaze-at-agent -> engage-staff,5,3,2.302585,0.575646,2.302585,7.142635,1,3,2,1.0,"{""direct_approach"": 0.084972, ""approach_service"": 0.082927, ""courtesy_space"": 0.056027}","{""engage-staff"": 0.042486, ""approach-counter"": 0.08395, ""gaze-at-agent"": 0.041463, ""gaze-avert"": 0.028014, ""yield-pass"": 0.028014}",0.0
exp2,exp2_reception_k4_observe_scene_queue_position_wait_patiently_approach_service,reception,"observe_scene,queue_position,wait_patiently,approach_service",4,0,0,0,0,8,"approach-counter,gaze-at-agent,gaze-scan,position-in-queue,scan-environment,wait-acknowledge,wait-for-turn,yield-pass",scan-environment -> position-in-queue -> wait-for-turn -> approach-counter -> gaze-at-agent -> gaze-scan -> yield-pass -> wait-acknowledge,8,5,9.21034,1.315763,2.302585,13.476287,2,5,3,1.0,"{""approach_service"": 0.085885, ""observe_scene"": 0.085733, ""queue_position"": 0.081335, ""wait_patiently"": 0.076884}","{""approach-counter"": 0.042942, ""gaze-at-agent"": 0.042942, ""gaze-scan"": 0.042866, ""scan-environment"": 0.042866, ""yield-pass"": 0.040667, ""position-in-queue"": 0.040667, ""wait-acknowledge"": 0.038442, ""wait-for-turn"": 0.038442}",0.0
exp2,exp2_reception_k4_observe_scene_queue_position_wait_patiently_courtesy_space,reception,"observe_scene,queue_position,wait_patiently,courtesy_space",4,0,0,0,0,7,"gaze-avert,gaze-scan,position-in-queue,scan-environment,wait-acknowledge,wait-for-turn,yield-pass",scan-environment -> gaze-scan -> position-in-queue -> wait-for-turn -> yield-pass -> wait-acknowledge -> gaze-avert,7,3,6.907755,1.151293,2.302585,11.498941,2,3,4,1.0,"{""observe_scene"": 0.078181, ""queue_position"": 0.072625, ""wait_patiently"": 0.069078, ""courtesy_space"": 0.050769}","{""gaze-scan"": 0.03909, ""scan-environment"": 0.03909, ""yield-pass"": 0.061697, ""position-in-queue"": 0.036312, ""wait-acknowledge"": 0.034539, ""wait-for-turn"": 0.034539, ""gaze-avert"": 0.025384}",0.0
exp2,exp2_reception_k4_observe_scene_queue_position_wait_patiently_direct_approach,reception,"observe_scene,queue_position,wait_patiently,direct_approach",4,0,0,0,0,8,"approach-counter,engage-staff,gaze-scan,position-in-queue,scan-environment,wait-acknowledge,wait-for-turn,yield-pass",scan-environment -> position-in-queue -> wait-for-turn -> approach-counter -> engage-staff -> wait-acknowledge -> gaze-scan -> yield-pass,8,5,2.302585,0.328941,2.302585,12.631123,2,5,3,1.0,"{""direct_approach"": 0.088874, ""observe_scene"": 0.086251, ""queue_position"": 0.08181, ""wait_patiently"": 0.077382}","{""engage-staff"": 0.044437, ""approach-counter"": 0.044437, ""gaze-scan"": 0.043125, ""scan-environment"": 0.043125, ""yield-pass"": 0.040905, ""position-in-queue"": 0.040905, ""wait-acknowledge"": 0.038691, ""wait-for-turn"": 0.038691}",0.0
exp2,exp2_reception_k4_observe_scene_queue_position_approach_service_courtesy_space,reception,"observe_scene,queue_position,approach_service,courtesy_space",4,0,0,0,0,7,"approach-counter,gaze-at-agent,gaze-avert,gaze-scan,position-in-queue,scan-environment,yield-pass",scan-environment -> position-in-queue -> yield-pass -> approach-counter -> gaze-at-agent -> gaze-scan -> gaze-avert,7,4,9.21034,1.535057,2.302585,12.376136,2,4,3,1.0,"{""approach_service"": 0.082105, ""observe_scene"": 0.08092, ""queue_position"": 0.075163, ""courtesy_space"": 0.053249}","{""approach-counter"": 0.041053, ""gaze-at-agent"": 0.041053, ""gaze-scan"": 0.04046, ""scan-environment"": 0.04046, ""yield-pass"": 0.064206, ""position-in-queue"": 0.037581, ""gaze-avert"": 0.026625}",0.0
exp2,exp2_reception_k4_observe_scene_queue_position_approach_service_direct_approach,reception,"observe_scene,queue_position,approach_service,direct_approach",4,0,0,0,0,7,"approach-counter,engage-staff,gaze-at-agent,gaze-scan,position-in-queue,scan-environment,yield-pass",approach-counter -> engage-staff -> gaze-at-agent -> gaze-scan -> scan-environment -> yield-pass -> position-in-queue,7,5,4.60517,0.767528,2.302585,10.124818,2,5,2,1.0,"{""direct_approach"": 0.091691, ""approach_service"": 0.089463, ""observe_scene"": 0.089158, ""queue_position"": 0.084794}","{""engage-staff"": 0.045846, ""approach-counter"": 0.090577, ""gaze-at-agent"": 0.044732, ""gaze-scan"": 0.044579, ""scan-environment"": 0.044579, ""yield-pass"": 0.042397, ""position-in-queue"": 0.042397}",0.0
exp2,exp2_reception_k4_observe_scene_queue_position_courtesy_space_direct_approach,reception,"observe_scene,queue_position,courtesy_space,direct_approach",4,0,0,0,0,7,"approach-counter,engage-staff,gaze-avert,gaze-scan,position-in-queue,scan-environment,yield-pass",approach-counter -> engage-staff -> gaze-avert -> yield-pass -> gaze-scan -> scan-environment -> position-in-queue,7,4,0.0,0.0,-0.0,11.507753,2,4,3,1.0,"{""direct_approach"": 0.084888, ""observe_scene"": 0.081319, ""queue_position"": 0.075345, ""courtesy_space"": 0.053642}","{""engage-staff"": 0.042444, ""approach-counter"": 0.042444, ""gaze-scan"": 0.040659, ""scan-environment"": 0.040659, ""yield-pass"": 0.064494, ""position-in-queue"": 0.037673, ""gaze-avert"": 0.026821}",0.0
exp2,exp2_reception_k4_observe_scene_wait_patiently_approach_service_courtesy_space,reception,"observe_scene,wait_patiently,approach_service,courtesy_space",4,0,0,0,0,8,"approach-counter,gaze-at-agent,gaze-avert,gaze-scan,scan-environment,wait-acknowledge,wait-for-turn,yield-pass",wait-for-turn -> gaze-scan -> approach-counter -> gaze-at-agent -> scan-environment -> wait-acknowledge -> gaze-avert -> yield-pass,8,4,9.21034,1.315763,2.302585,14.544843,1,4,4,1.0,"{""approach_service"": 0.080577, ""observe_scene"": 0.079454, ""wait_patiently"": 0.07029, ""courtesy_space"": 0.051933}","{""approach-counter"": 0.040289, ""gaze-at-agent"": 0.040289, ""gaze-scan"": 0.039727, ""scan-environment"": 0.039727, ""wait-acknowledge"": 0.035145, ""wait-for-turn"": 0.035145, ""gaze-avert"": 0.025967, ""yield-pass"": 0.025967}",0.0
exp2,exp2_reception_k4_observe_scene_wait_patiently_approach_service_direct_approach,reception,"observe_scene,wait_patiently,approach_service,direct_approach",4,0,0,0,0,7,"approach-counter,engage-staff,gaze-at-agent,gaze-scan,scan-environment,wait-acknowledge,wait-for-turn",wait-for-turn -> gaze-scan -> approach-counter -> gaze-at-agent -> engage-staff -> scan-environment -> wait-acknowledge,7,5,9.21034,1.535057,2.302585,10.396644,0,5,2,1.0,"{""direct_approach"": 0.090594, ""approach_service"": 0.08828, ""observe_scene"": 0.087707, ""wait_patiently"": 0.078963}","{""engage-staff"": 0.045297, ""approach-counter"": 0.089437, ""gaze-at-agent"": 0.04414, ""gaze-scan"": 0.043854, ""scan-environment"": 0.043854, ""wait-acknowledge"": 0.039481, ""wait-for-turn"": 0.039481}",0.0
exp2,exp2_reception_k4_observe_scene_wait_patiently_courtesy_space_direct_approach,reception,"observe_scene,wait_patiently,courtesy_space,direct_approach",4,0,0,0,0,8,"approach-counter,engage-staff,gaze-avert,gaze-scan,scan-environment,wait-acknowledge,wait-for-turn,yield-pass",wait-for-turn -> gaze-scan -> approach-counter -> engage-staff -> scan-environment -> wait-acknowledge -> gaze-avert -> yield-pass,8,4,6.907755,0.986822,2.302585,13.588353,1,4,4,1.0,"{""direct_approach"": 0.083413, ""observe_scene"": 0.079826, ""wait_patiently"": 0.070487, ""courtesy_space"": 0.052345}","{""engage-staff"": 0.041706, ""approach-counter"": 0.041706, ""gaze-scan"": 0.039913, ""scan-environment"": 0.039913, ""wait-acknowledge"": 0.035244, ""wait-for-turn"": 0.035244, ""gaze-avert"": 0.026173, ""yield-pass"": 0.026173}",0.0
exp2,exp2_reception_k4_observe_scene_approach_service_courtesy_space_direct_approach,reception,"observe_scene,approach_service,courtesy_space,direct_approach",4,0,0,0,0,7,"approach-counter,engage-staff,gaze-at-agent,gaze-avert,gaze-scan,scan-environment,yield-pass",gaze-scan -> approach-counter -> gaze-at-agent -> engage-staff -> scan-environment -> gaze-avert -> yield-pass,7,4,6.907755,1.151293,2.302585,11.364366,1,4,3,1.0,"{""direct_approach"": 0.087398, ""approach_service"": 0.085176, ""observe_scene"": 0.082974, ""courtesy_space"": 0.055877}","{""engage-staff"": 0.043699, ""approach-counter"": 0.086287, ""gaze-at-agent"": 0.042588, ""gaze-scan"": 0.041487, ""scan-environment"": 0.041487, ""gaze-avert"": 0.027938, ""yield-pass"": 0.027938}",0.0
exp2,exp2_reception_k4_queue_position_wait_patiently_approach_service_courtesy_space,reception,"queue_position,wait_patiently,approach_service,courtesy_space",4,0,0,0,0,7,"approach-counter,gaze-at-agent,gaze-avert,position-in-queue,wait-acknowledge,wait-for-turn,yield-pass",position-in-queue -> wait-for-turn -> yield-pass -> approach-counter -> gaze-at-agent -> wait-acknowledge -> gaze-avert,7,4,4.60517,0.767528,2.302585,11.189742,2,4,3,1.0,"{""approach_service"": 0.07893, ""queue_position"": 0.072361, ""wait_patiently"": 0.068716, ""courtesy_space"": 0.050404}","{""approach-counter"": 0.039465, ""gaze-at-agent"": 0.039465, ""yield-pass"": 0.061382, ""position-in-queue"": 0.03618, ""wait-acknowledge"": 0.034358, ""wait-for-turn"": 0.034358, ""gaze-avert"": 0.025202}",0.0
exp2,exp2_reception_k4_queue_position_wait_patiently_approach_service_direct_approach,reception,"queue_position,wait_patiently,approach_service,direct_approach",4,0,0,0,0,7,"approach-counter,engage-staff,gaze-at-agent,position-in-queue,wait-acknowledge,wait-for-turn,yield-pass",position-in-queue -> wait-for-turn -> yield-pass -> approach-counter -> gaze-at-agent -> engage-staff -> wait-acknowledge,7,5,4.60517,0.767528,2.302585,9.869429,2,5,2,1.0,"{""direct_approach"": 0.089285, ""approach_service"": 0.086947, ""queue_position"": 0.081807, ""wait_patiently"": 0.077396}","{""engage-staff"": 0.044643, ""approach-counter"": 0.088116, ""gaze-at-agent"": 0.043474, ""yield-pass"": 0.040904, ""position-in-queue"": 0.040904, ""wait-acknowledge"": 0.038698, ""wait-for-turn"": 0.038698}",0.0
exp2,exp2_reception_k4_queue_position_wait_patiently_courtesy_space_direct_approach,reception,"queue_position,wait_patiently,courtesy_space,direct_approach",4,0,0,0,0,7,"approach-counter,engage-staff,gaze-avert,position-in-queue,wait-acknowledge,wait-for-turn,yield-pass",position-in-queue -> wait-for-turn -> yield-pass -> approach-counter -> engage-staff -> wait-acknowledge -> gaze-avert,7,4,2.302585,0.383764,2.302585,10.174811,2,4,3,1.0,"{""direct_approach"": 0.08153, ""queue_position"": 0.072411, ""wait_patiently"": 0.06881, ""courtesy_space"": 0.050714}","{""engage-staff"": 0.040765, ""approach-counter"": 0.040765, ""yield-pass"": 0.061562, ""position-in-queue"": 0.036205, ""wait-acknowledge"": 0.034405, ""wait-for-turn"": 0.034405, ""gaze-avert"": 0.025357}",0.0
exp2,exp2_reception_k4_queue_position_approach_service_courtesy_space_direct_approach,reception,"queue_position,approach_service,courtesy_space,direct_approach",4,0,0,0,0,6,"approach-counter,engage-staff,gaze-at-agent,gaze-avert,position-in-queue,yield-pass",yield-pass -> approach-counter -> gaze-at-agent -> engage-staff -> position-in-queue -> gaze-avert,6,4,6.907755,1.381551,2.302585,8.940917,2,4,2,1.0,"{""direct_approach"": 0.085827, ""approach_service"": 0.083596, ""queue_position"": 0.07528, ""courtesy_space"": 0.053607}","{""engage-staff"": 0.042913, ""approach-counter"": 0.084712, ""gaze-at-agent"": 0.041798, ""yield-pass"": 0.064443, ""position-in-queue"": 0.03764, ""gaze-avert"": 0.026804}",0.0
exp2,exp2_reception_k4_wait_patiently_approach_service_courtesy_space_direct_approach,reception,"wait_patiently,approach_service,courtesy_space,direct_approach",4,0,0,0,0,7,"approach-counter,engage-staff,gaze-at-agent,gaze-avert,wait-acknowledge,wait-for-turn,yield-pass",wait-for-turn -> yield-pass -> approach-counter -> engage-staff -> gaze-at-agent -> wait-acknowledge -> gaze-avert,7,4,2.302585,0.383764,2.302585,11.559851,1,4,3,1.0,"{""direct_approach"": 0.084523, ""approach_service"": 0.082213, ""wait_patiently"": 0.070309, ""courtesy_space"": 0.052184}","{""engage-staff"": 0.042262, ""approach-counter"": 0.083368, ""gaze-at-agent"": 0.041107, ""wait-acknowledge"": 0.035155, ""wait-for-turn"": 0.035155, ""gaze-avert"": 0.026092, ""yield-pass"": 0.026092}",0.0
exp2,exp2_reception_k5_observe_scene_queue_position_wait_patiently_approach_service_courtesy_space,reception,"observe_scene,queue_position,wait_patiently,approach_service,courtesy_space",5,0,0,0,0,9,"approach-counter,gaze-at-agent,gaze-avert,gaze-scan,position-in-queue,scan-environment,wait-acknowledge,wait-for-turn,yield-pass",scan-environment -> position-in-queue -> wait-for-turn -> gaze-scan -> approach-counter -> yield-pass -> gaze-at-agent -> wait-acknowledge -> gaze-avert,9,5,6.907755,0.863469,2.302585,16.691262,2,5,4,1.0,"{""approach_service"": 0.081903, ""observe_scene"": 0.081004, ""queue_position"": 0.075252, ""wait_patiently"": 0.071288, ""courtesy_space"": 0.051811}","{""approach-counter"": 0.040951, ""gaze-at-agent"": 0.040951, ""gaze-scan"": 0.040502, ""scan-environment"": 0.040502, ""yield-pass"": 0.063531, ""position-in-queue"": 0.037626, ""wait-acknowledge"": 0.035644, ""wait-for-turn"": 0.035644, ""gaze-avert"": 0.025905}",0.0
exp2,exp2_reception_k5_observe_scene_queue_position_wait_patiently_approach_service_direct_approach,reception,"observe_scene,queue_position,wait_patiently,approach_service,direct_approach",5,0,0,0,0,9,"approach-counter,engage-staff,gaze-at-agent,gaze-scan,position-in-queue,scan-environment,wait-acknowledge,wait-for-turn,yield-pass",scan-environment -> position-in-queue -> wait-for-turn -> gaze-scan -> approach-counter -> gaze-at-agent -> engage-staff -> yield-pass -> wait-acknowledge,9,6,9.21034,1.151293,2.302585,15.25878,2,6,3,1.0,"{""direct_approach"": 0.090098, ""approach_service"": 0.087644, ""observe_scene"": 0.087156, ""queue_position"": 0.082451, ""wait_patiently"": 0.077732}","{""engage-staff"": 0.045049, ""approach-counter"": 0.088871, ""gaze-at-agent"": 0.043822, ""gaze-scan"": 0.043578, ""scan-environment"": 0.043578, ""yield-pass"": 0.041225, ""position-in-queue"": 0.041225, ""wait-acknowledge"": 0.038866, ""wait-for-turn"": 0.038866}",0.0
exp2,exp2_reception_k5_observe_scene_queue_position_wait_patiently_courtesy_space_direct_approach,reception,"observe_scene,queue_position,wait_patiently,courtesy_space,direct_approach",5,0,0,0,0,9,"approach-counter,engage-staff,gaze-avert,gaze-scan,position-in-queue,scan-environment,wait-acknowledge,wait-for-turn,yield-pass",scan-environment -> position-in-queue -> wait-for-turn -> gaze-scan -> approach-counter -> engage-staff -> yield-pass -> wait-acknowledge -> gaze-avert,9,5,6.907755,0.863469,2.302585,15.768215,2,5,4,1.0,"{""direct_approach"": 0.084695, ""observe_scene"": 0.081299, ""queue_position"": 0.075389, ""wait_patiently"": 0.071456, ""courtesy_space"": 0.052082}","{""engage-staff"": 0.042347, ""approach-counter"": 0.042347, ""gaze-scan"": 0.04065, ""scan-environment"": 0.04065, ""yield-pass"": 0.063736, ""position-in-queue"": 0.037695, ""wait-acknowledge"": 0.035728, ""wait-for-turn"": 0.035728, ""gaze-avert"": 0.026041}",0.0
exp2,exp2_reception_k5_observe_scene_queue_position_approach_service_courtesy_space_direct_approach,reception,"observe_scene,queue_position,approach_service,courtesy_space,direct_approach",5,0,0,0,0,8,"approach-counter,engage-staff,gaze-at-agent,gaze-avert,gaze-scan,position-in-queue,scan-environment,yield-pass",scan-environment -> position-in-queue -> approach-counter -> yield-pass -> engage-staff -> gaze-at-agent -> gaze-scan -> gaze-avert,8,5,11.512925,1.644704,2.302585,13.996738,2,5,3,1.0,"{""direct_approach"": 0.087546, ""approach_service"": 0.085189, ""observe_scene"": 0.083556, ""queue_position"": 0.077529, ""courtesy_space"": 0.054283}","{""engage-staff"": 0.043773, ""approach-counter"": 0.086367, ""gaze-at-agent"": 0.042595, ""gaze-scan"": 0.041778, ""scan-environment"": 0.041778, ""yield-pass"": 0.065906, ""position-in-queue"": 0.038764, ""gaze-avert"": 0.027141}",0.0
exp2,exp2_reception_k5_observe_scene_wait_patiently_approach_service_courtesy_space_direct_approach,reception,"observe_scene,wait_patiently,approach_service,courtesy_space,direct_approach",5,0,0,0,0,9,"approach-counter,engage-staff,gaze-at-agent,gaze-avert,gaze-scan,scan-environment,wait-acknowledge,wait-for-turn,yield-pass",wait-for-turn -> gaze-scan -> yield-pass -> approach-counter -> gaze-at-agent -> engage-staff -> scan-environment -> wait-acknowledge -> gaze-avert,9,5,11.512925,1.439116,2.302585,16.405003,1,5,4,1.0,"{""direct_approach"": 0.086594, ""approach_service"": 0.084173, ""observe_scene"": 0.082435, ""wait_patiently"": 0.07257, ""courtesy_space"": 0.053271}","{""engage-staff"": 0.043297, ""approach-counter"": 0.085384, ""gaze-at-agent"": 0.042087, ""gaze-scan"": 0.041218, ""scan-environment"": 0.041218, ""wait-acknowledge"": 0.036285, ""wait-for-turn"": 0.036285, ""gaze-avert"": 0.026635, ""yield-pass"": 0.026635}",0.0
exp2,exp2_reception_k5_queue_position_wait_patiently_approach_service_courtesy_space_direct_approach,reception,"queue_position,wait_patiently,approach_service,courtesy_space,direct_approach",5,0,0,0,0,8,"approach-counter,engage-staff,gaze-at-agent,gaze-avert,position-in-queue,wait-acknowledge,wait-for-turn,yield-pass",position-in-queue -> wait-for-turn -> yield-pass -> approach-counter -> engage-staff -> gaze-at-agent -> wait-acknowledge -> gaze-avert,8,5,2.302585,0.328941,2.302585,13.02609,2,5,3,1.0,"{""direct_approach"": 0.085394, ""approach_service"": 0.083004, ""queue_position"": 0.075298, ""wait_patiently"": 0.07131, ""courtesy_space"": 0.051904}","{""engage-staff"": 0.042697, ""approach-counter"": 0.084199, ""gaze-at-agent"": 0.041502, ""yield-pass"": 0.063601, ""position-in-queue"": 0.037649, ""wait-acknowledge"": 0.035655, ""wait-for-turn"": 0.035655, ""gaze-avert"": 0.025952}",0.0
exp2,exp2_reception_k6_observe_scene_queue_position_wait_patiently_approach_service_courtesy_space_direct_approach,reception,"observe_scene,queue_position,wait_patiently,approach_service,courtesy_space,direct_approach",6,0,0,0,0,10,"approach-counter,engage-staff,gaze-at-agent,gaze-avert,gaze-scan,position-in-queue,scan-environment,wait-acknowledge,wait-for-turn,yield-pass",scan-environment -> position-in-queue -> wait-for-turn -> gaze-scan -> approach-counter -> gaze-at-agent -> engage-staff -> yield-pass -> wait-acknowledge -> gaze-avert,10,6,9.21034,1.023371,2.302585,18.675697,2,6,4,1.0,"{""direct_approach"": 0.086903, ""approach_service"": 0.08442, ""observe_scene"": 0.083053, ""queue_position"": 0.077117, ""wait_patiently"": 0.072895, ""courtesy_space"": 0.052789}","{""engage-staff"": 0.043452, ""approach-counter"": 0.085662, ""gaze-at-agent"": 0.04221, ""gaze-scan"": 0.041526, ""scan-environment"": 0.041526, ""yield-pass"": 0.064953, ""position-in-queue"": 0.038559, ""wait-acknowledge"": 0.036448, ""wait-for-turn"": 0.036448, ""gaze-avert"": 0.026394}",0.0
exp2,exp2_corridor_k1_observe_scene,corridor,observe_scene,1,0,0,0,0,2,"gaze-scan,scan-environment",gaze-scan -> scan-environment,2,1,0.0,0.0,-0.0,1.832581,0,1,1,1.0,"{""observe_scene"": 0.0225}","{""gaze-scan"": 0.01125, ""scan-environment"": 0.01125}",0.0
exp2,exp2_corridor_k1_queue_position,corridor,queue_position,1,0,0,0,0,2,"position-in-queue,yield-pass",yield-pass -> position-in-queue,2,1,0.0,0.0,-0.0,2.407946,2,1,1,1.0,"{""queue_position"": 0.016875}","{""yield-pass"": 0.008438, ""position-in-queue"": 0.008438}",0.0
exp2,exp2_corridor_k1_wait_patiently,corridor,wait_patiently,1,0,0,0,0,2,"wait-acknowledge,wait-for-turn",wait-acknowledge -> wait-for-turn,2,1,0.0,0.0,-0.0,1.386294,0,1,1,1.0,"{""wait_patiently"": 0.028125}","{""wait-acknowledge"": 0.014063, ""wait-for-turn"": 0.014063}",0.0
exp2,exp2_corridor_k1_approach_service,corridor,approach_service,1,0,0,0,0,0,,,0,0,0.0,0.0,0.0,0.0,0,0,0,0.0,{},{},0.0
exp2,exp2_corridor_k1_courtesy_space,corridor,courtesy_space,1,0,0,0,0,2,"gaze-avert,yield-pass",gaze-avert -> yield-pass,2,0,0.0,0.0,-0.0,0.446287,1,0,2,1.0,"{""courtesy_space"": 0.045}","{""gaze-avert"": 0.0225, ""yield-pass"": 0.0225}",0.0
exp2,exp2_corridor_k1_direct_approach,corridor,direct_approach,1,0,0,0,0,2,"approach-counter,engage-staff",approach-counter -> engage-staff,2,2,0.0,0.0,-0.0,3.218876,0,2,0,1.0,"{""direct_approach"": 0.01125}","{""engage-staff"": 0.005625, ""approach-counter"": 0.005625}",0.0
exp2,exp2_corridor_k2_observe_scene_queue_position,corridor,"observe_scene,queue_position",2,0,0,0,0,4,"gaze-scan,position-in-queue,scan-environment,yield-pass",scan-environment -> gaze-scan -> position-in-queue -> yield-pass,4,2,4.60517,1.535057,2.302585,7.56774,2,2,2,1.0,"{""observe_scene"": 0.03625, ""queue_position"": 0.03375}","{""gaze-scan"": 0.018125, ""scan-environment"": 0.018125, ""yield-pass"": 0.016875, ""position-in-queue"": 0.016875}",0.0
exp2,exp2_corridor_k2_observe_scene_wait_patiently,corridor,"observe_scene,wait_patiently",2,0,0,0,0,4,"gaze-scan,scan-environment,wait-acknowledge,wait-for-turn",gaze-scan -> wait-acknowledge -> scan-environment -> wait-for-turn,4,2,4.60517,1.535057,2.302585,6.83377,0,2,2,1.0,"{""wait_patiently"": 0.04625, ""observe_scene"": 0.04375}","{""wait-acknowledge"": 0.023125, ""wait-for-turn"": 0.023125, ""gaze-scan"": 0.021875, ""scan-environment"": 0.021875}",0.0
exp2,exp2_corridor_k2_observe_scene_approach_service,corridor,"observe_scene,approach_service",2,0,0,0,0,4,"approach-counter,gaze-at-agent,gaze-scan,scan-environment",gaze-scan -> scan-environment -> approach-counter -> gaze-at-agent,4,3,4.60517,1.535057,2.302585,10.585173,0,3,1,1.0,"{""observe_scene"": 0.025, ""approach_service"": 0.015}","{""gaze-scan"": 0.0125, ""scan-environment"": 0.0125, ""approach-counter"": 0.0075, ""gaze-at-agent"": 0.0075}",0.0
exp2,exp2_corridor_k2_observe_scene_courtesy_space,corridor,"observe_scene,courtesy_space",2,0,0,0,0,4,"gaze-avert,gaze-scan,scan-environment,yield-pass",gaze-scan -> yield-pass -> scan-environment -> gaze-avert,4,1,4.60517,1.535057,2.302585,5.200616,1,1,3,1.0,"{""courtesy_space"": 0.065, ""observe_scene"": 0.055}","{""gaze-avert"": 0.0325, ""yield-pass"": 0.0325, ""gaze-scan"": 0.0275, ""scan-environment"": 0.0275}",0.0
exp2,exp2_corridor_k2_observe_scene_direct_approach,corridor,"observe_scene,direct_approach",2,0,0,0,0,4,"approach-counter,engage-staff,gaze-scan,scan-environment",gaze-scan -> approach-counter -> engage-staff -> scan-environment,4,3,2.302585,0.767528,2.302585,8.666352,0,3,1,1.0,"{""observe_scene"": 0.0325, ""direct_approach"": 0.0275}","{""gaze-scan"": 0.01625, ""scan-environment"": 0.01625, ""engage-staff"": 0.01375, ""approach-counter"": 0.01375}",0.0
exp2,exp2_corridor_k2_queue_position_wait_patiently,corridor,"queue_position,wait_patiently",2,0,0,0,0,4,"position-in-queue,wait-acknowledge,wait-for-turn,yield-pass",wait-acknowledge -> yield-pass -> position-in-queue -> wait-for-turn,4,2,0.0,0.0,-0.0,6.591109,2,2,2,1.0,"{""wait_patiently"": 0.0425, ""queue_position"": 0.0375}","{""wait-acknowledge"": 0.02125, ""wait-for-turn"": 0.02125, ""yield-pass"": 0.01875, ""position-in-queue"": 0.01875}",0.0
exp2,exp2_corridor_k2_queue_position_approach_service,corridor,"queue_position,approach_service",2,0,0,0,0,4,"approach-counter,gaze-at-agent,position-in-queue,yield-pass",position-in-queue -> yield-pass -> approach-counter -> gaze-at-agent,4,3,4.60517,1.535057,2.302585,11.160537,2,3,1,1.0,"{""queue_position"": 0.01875, ""approach_service"": 0.01125}","{""yield-pass"": 0.009375, ""position-in-queue"": 0.009375, ""approach-counter"": 0.005625, ""gaze-at-agent"": 0.005625}",0.0
exp2,exp2_corridor_k2_queue_position_courtesy_space,corridor,"queue_position,courtesy_space",2,0,0,0,0,3,"gaze-avert,position-in-queue,yield-pass",gaze-avert -> yield-pass -> position-in-queue,3,1,0.0,0.0,-0.0,2.952679,2,1,2,1.0,"{""courtesy_space"": 0.06125, ""queue_position"": 0.04875}","{""gaze-avert"": 0.030625, ""yield-pass"": 0.055, ""position-in-queue"": 0.024375}",0.0
exp2,exp2_corridor_k2_queue_position_direct_approach,corridor,"queue_position,direct_approach",2,0,0,0,0,4,"approach-counter,engage-staff,position-in-queue,yield-pass",yield-pass -> approach-counter -> engage-staff -> position-in-queue,4,3,2.302585,0.767528,2.302585,9.241716,2,3,1,1.0,"{""queue_position"": 0.02625, ""direct_approach"": 0.02375}","{""yield-pass"": 0.013125, ""position-in-queue"": 0.013125, ""engage-staff"": 0.011875, ""approach-counter"": 0.011875}",0.0
exp2,exp2_corridor_k2_wait_patiently_approach_service,corridor,"wait_patiently,approach_service",2,0,0,0,0,4,"approach-counter,gaze-at-agent,wait-acknowledge,wait-for-turn",wait-for-turn -> approach-counter -> wait-acknowledge -> gaze-at-agent,4,3,2.302585,0.767528,2.302585,8.788334,0,3,1,1.0,"{""wait_patiently"": 0.03125, ""approach_service"": 0.01875}","{""wait-acknowledge"": 0.015625, ""wait-for-turn"": 0.015625, ""approach-counter"": 0.009375, ""gaze-at-agent"": 0.009375}",0.0
exp2,exp2_corridor_k2_wait_patiently_courtesy_space,corridor,"wait_patiently,courtesy_space",2,0,0,0,0,4,"gaze-avert,wait-acknowledge,wait-for-turn,yield-pass",gaze-avert -> yield-pass -> wait-acknowledge -> wait-for-turn,4,1,4.60517,1.535057,2.302585,5.262971,1,1,3,1.0,"{""courtesy_space"": 0.06875, ""wait_patiently"": 0.06125}","{""gaze-avert"": 0.034375, ""yield-pass"": 0.034375, ""wait-acknowledge"": 0.030625, ""wait-for-turn"": 0.030625}",0.0
exp2,exp2_corridor_k2_wait_patiently_direct_approach,corridor,"wait_patiently,direct_approach",2,0,0,0,0,4,"approach-counter,engage-staff,wait-acknowledge,wait-for-turn",wait-for-turn -> approach-counter -> engage-staff -> wait-acknowledge,4,3,0.0,0.0,-0.0,7.40204,0,3,1,1.0,"{""wait_patiently"": 0.03875, ""direct_approach"": 0.03125}","{""wait-acknowledge"": 0.019375, ""wait-for-turn"": 0.019375, ""engage-staff"": 0.015625, ""approach-counter"": 0.015625}",0.0
exp2,exp2_corridor_k2_approach_service_courtesy_space,corridor,"approach_service,courtesy_space",2,0,0,0,0,4,"approach-counter,gaze-at-agent,gaze-avert,yield-pass",gaze-avert -> yield-pass -> approach-counter -> gaze-at-agent,4,2,2.302585,0.767528,2.302585,8.133825,1,2,2,1.0,"{""courtesy_space"": 0.05, ""approach_service"": 0.03}","{""gaze-avert"": 0.025, ""yield-pass"": 0.025, ""approach-counter"": 0.015, ""gaze-at-agent"": 0.015}",0.0
exp2,exp2_corridor_k2_approach_service_direct_approach,corridor,"approach_service,direct_approach",2,0,0,0,0,3,"approach-counter,engage-staff,gaze-at-agent",approach-counter -> engage-staff -> gaze-at-agent,3,3,0.0,0.0,-0.0,5.742222,0,3,0,1.0,"{""direct_approach"": 0.0125, ""approach_service"": 0.0075}","{""engage-staff"": 0.00625, ""approach-counter"": 0.01, ""gaze-at-agent"": 0.00375}",0.0
exp2,exp2_corridor_k2_courtesy_space_direct_approach,corridor,"courtesy_space,direct_approach",2,0,0,0,0,4,"approach-counter,engage-staff,gaze-avert,yield-pass",gaze-avert -> yield-pass -> approach-counter -> engage-staff,4,2,0.0,0.0,-0.0,5.929506,1,2,2,1.0,"{""courtesy_space"": 0.0575, ""direct_approach"": 0.0425}","{""gaze-avert"": 0.02875, ""yield-pass"": 0.02875, ""engage-staff"": 0.02125, ""approach-counter"": 0.02125}",0.0
exp2,exp2_corridor_k3_observe_scene_queue_position_wait_patiently,corridor,"observe_scene,queue_position,wait_patiently",3,0,0,0,0,6,"gaze-scan,position-in-queue,scan-environment,wait-acknowledge,wait-for-turn,yield-pass",scan-environment -> gaze-scan -> position-in-queue -> wait-for-turn -> wait-acknowledge -> yield-pass,6,3,4.60517,0.921034,2.302585,12.684656,2,3,3,1.0,"{""wait_patiently"": 0.043902, ""observe_scene"": 0.039978, ""queue_position"": 0.036083}","{""wait-acknowledge"": 0.021951, ""wait-for-turn"": 0.021951, ""gaze-scan"": 0.019989, ""scan-environment"": 0.019989, ""yield-pass"": 0.018041, ""position-in-queue"": 0.018041}",0.0
exp2,exp2_corridor_k3_observe_scene_queue_position_approach_service,corridor,"observe_scene,queue_position,approach_service",3,0,0,0,0,6,"approach-counter,gaze-at-agent,gaze-scan,position-in-queue,scan-environment,yield-pass",scan-environment -> position-in-queue -> gaze-scan -> yield-pass -> approach-counter -> gaze-at-agent,6,4,6.907755,1.381551,2.302585,17.154893,2,4,2,1.0,"{""observe_scene"": 0.030119, ""queue_position"": 0.026247, ""approach_service"": 0.014256}","{""gaze-scan"": 0.015059, ""scan-environment"": 0.015059, ""yield-pass"": 0.013123, ""position-in-queue"": 0.013123, ""approach-counter"": 0.007128, ""gaze-at-agent"": 0.007128}",0.0
exp2,exp2_corridor_k3_observe_scene_queue_position_courtesy_space,corridor,"observe_scene,queue_position,courtesy_space",3,0,0,0,0,5,"gaze-avert,gaze-scan,position-in-queue,scan-environment,yield-pass",scan-environment -> gaze-scan -> position-in-queue -> yield-pass -> gaze-avert,5,2,6.907755,1.726939,2.302585,8.37886,2,2,3,1.0,"{""courtesy_space"": 0.061419, ""observe_scene"": 0.045235, ""queue_position"": 0.042497}","{""gaze-avert"": 0.030709, ""yield-pass"": 0.051958, ""gaze-scan"": 0.022617, ""scan-environment"": 0.022617, ""position-in-queue"": 0.021248}",0.0
exp2,exp2_corridor_k3_observe_scene_queue_position_direct_approach,corridor,"observe_scene,queue_position,direct_approach",3,0,0,0,0,6,"approach-counter,engage-staff,gaze-scan,position-in-queue,scan-environment,yield-pass",scan-environment -> position-in-queue -> gaze-scan -> yield-pass -> engage-staff -> approach-counter,6,4,9.21034,1.842068,2.302585,15.153514,2,4,2,1.0,"{""observe_scene"": 0.034104, ""queue_position"": 0.030427, ""direct_approach"": 0.026195}","{""gaze-scan"": 0.017052, ""scan-environment"": 0.017052, ""yield-pass"": 0.015214, ""position-in-queue"": 0.015214, ""engage-staff"": 0.013098, ""approach-counter"": 0.013098}",0.0
exp2,exp2_corridor_k3_observe_scene_wait_patiently_approach_service,corridor,"observe_scene,wait_patiently,approach_service",3,0,0,0,0,6,"approach-counter,gaze-at-agent,gaze-scan,scan-environment,wait-acknowledge,wait-for-turn",wait-for-turn -> gaze-scan -> approach-counter -> wait-acknowledge -> scan-environment -> gaze-at-agent,6,4,6.907755,1.381551,2.302585,15.471938,0,4,2,1.0,"{""wait_patiently"": 0.03832, ""observe_scene"": 0.03431, ""approach_service"": 0.01831}","{""wait-acknowledge"": 0.01916, ""wait-for-turn"": 0.01916, ""gaze-scan"": 0.017155, ""scan-environment"": 0.017155, ""approach-counter"": 0.009155, ""gaze-at-agent"": 0.009155}",0.0
exp2,exp2_corridor_k3_observe_scene_wait_patiently_courtesy_space,corridor,"observe_scene,wait_patiently,courtesy_space",3,0,0,0,0,6,"gaze-avert,gaze-scan,scan-environment,wait-acknowledge,wait-for-turn,yield-pass",gaze-scan -> yield-pass -> scan-environment -> gaze-avert -> wait-for-turn -> wait-acknowledge,6,2,9.21034,1.842068,2.302585,10.782783,1,2,4,1.0,"{""courtesy_space"": 0.065776, ""wait_patiently"": 0.053652, ""observe_scene"": 0.04963}","{""gaze-avert"": 0.032888, ""yield-pass"": 0.032888, ""wait-acknowledge"": 0.026826, ""wait-for-turn"": 0.026826, ""gaze-scan"": 0.024815, ""scan-environment"": 0.024815}",0.0
exp2,exp2_corridor_k3_observe_scene_wait_patiently_direct_approach,corridor,"observe_scene,wait_patiently,direct_approach",3,0,0,0,0,6,"approach-counter,engage-staff,gaze-scan,scan-environment,wait-acknowledge,wait-for-turn",wait-for-turn -> gaze-scan -> approach-counter -> engage-staff -> wait-acknowledge -> scan-environment,6,4,2.302585,0.460517,2.302585,13.296743,0,4,2,1.0,"{""wait_patiently"": 0.042438, ""observe_scene"": 0.038439, ""direct_approach"": 0.03012}","{""wait-acknowledge"": 0.021219, ""wait-for-turn"": 0.021219, ""gaze-scan"": 0.01922, ""scan-environment"": 0.01922, ""engage-staff"": 0.01506, ""approach-counter"": 0.01506}",0.0
exp2,exp2_corridor_k3_observe_scene_approach_service_courtesy_space,corridor,"observe_scene,approach_service,courtesy_space",3,0,0,0,0,6,"approach-counter,gaze-at-agent,gaze-avert,gaze-scan,scan-environment,yield-pass",gaze-at-agent -> gaze-avert -> yield-pass -> gaze-scan -> scan-environment -> approach-counter,6,3,2.302585,0.460517,2.302585,14.311577,1,3,3,1.0,"{""courtesy_space"": 0.056645, ""observe_scene"": 0.039209, ""approach_service"": 0.022802}","{""gaze-avert"": 0.028323, ""yield-pass"": 0.028323, ""gaze-scan"": 0.019604, ""scan-environment"": 0.019604, ""approach-counter"": 0.011401, ""gaze-at-agent"": 0.011401}",0.0
exp2,exp2_corridor_k3_observe_scene_approach_service_direct_approach,corridor,"observe_scene,approach_service,direct_approach",3,0,0,0,0,5,"approach-counter,engage-staff,gaze-at-agent,gaze-scan,scan-environment",gaze-scan -> approach-counter -> engage-staff -> gaze-at-agent -> scan-environment,5,4,2.302585,0.575646,2.302585,11.426163,0,4,1,1.0,"{""observe_scene"": 0.027549, ""direct_approach"": 0.018948, ""approach_service"": 0.011713}","{""gaze-scan"": 0.013775, ""scan-environment"": 0.013775, ""engage-staff"": 0.009474, ""approach-counter"": 0.01533, ""gaze-at-agent"": 0.005856}",0.0
exp2,exp2_corridor_k3_observe_scene_courtesy_space_direct_approach,corridor,"observe_scene,courtesy_space,direct_approach",3,0,0,0,0,6,"approach-counter,engage-staff,gaze-avert,gaze-scan,scan-environment,yield-pass",gaze-scan -> approach-counter -> engage-staff -> gaze-avert -> yield-pass -> scan-environment,6,3,0.0,0.0,-0.0,12.150114,1,3,3,1.0,"{""courtesy_space"": 0.060305, ""observe_scene"": 0.043849, ""direct_approach"": 0.034713}","{""gaze-avert"": 0.030152, ""yield-pass"": 0.030152, ""gaze-scan"": 0.021925, ""scan-environment"": 0.021925, ""engage-staff"": 0.017357, ""approach-counter"": 0.017357}",0.0
exp2,exp2_corridor_k3_queue_position_wait_patiently_approach_service,corridor,"queue_position,wait_patiently,approach_service",3,0,0,0,0,6,"approach-counter,gaze-at-agent,position-in-queue,wait-acknowledge,wait-for-turn,yield-pass",position-in-queue -> wait-for-turn -> yield-pass -> approach-counter -> wait-acknowledge -> gaze-at-agent,6,4,4.60517,0.921034,2.302585,15.258402,2,4,2,1.0,"{""wait_patiently"": 0.036164, ""queue_position"": 0.028307, ""approach_service"": 0.016195}","{""wait-acknowledge"": 0.018082, ""wait-for-turn"": 0.018082, ""yield-pass"": 0.014154, ""position-in-queue"": 0.014154, ""approach-counter"": 0.008098, ""gaze-at-agent"": 0.008098}",0.0
exp2,exp2_corridor_k3_queue_position_wait_patiently_courtesy_space,corridor,"queue_position,wait_patiently,courtesy_space",3,0,0,0,0,5,"gaze-avert,position-in-queue,wait-acknowledge,wait-for-turn,yield-pass",gaze-avert -> wait-acknowledge -> yield-pass -> position-in-queue -> wait-for-turn,5,2,0.0,0.0,-0.0,7.535872,2,2,3,1.0,"{""courtesy_space"": 0.063337, ""wait_patiently"": 0.051558, ""queue_position"": 0.044474}","{""gaze-avert"": 0.031668, ""yield-pass"": 0.053905, ""wait-acknowledge"": 0.025779, ""wait-for-turn"": 0.025779, ""position-in-queue"": 0.022237}",0.0
exp2,exp2_corridor_k3_queue_position_wait_patiently_direct_approach,corridor,"queue_position,wait_patiently,direct_approach",3,0,0,0,0,6,"approach-counter,engage-staff,position-in-queue,wait-acknowledge,wait-for-turn,yield-pass",position-in-queue -> wait-for-turn -> approach-counter -> engage-staff -> wait-acknowledge -> yield-pass,6,4,0.0,0.0,-0.0,13.118131,2,4,2,1.0,"{""wait_patiently"": 0.04016, ""queue_position"": 0.032632, ""direct_approach"": 0.028061}","{""wait-acknowledge"": 0.02008, ""wait-for-turn"": 0.02008, ""yield-pass"": 0.016316, ""position-in-queue"": 0.016316, ""engage-staff"": 0.01403, ""approach-counter"": 0.01403}",0.0
exp2,exp2_corridor_k3_queue_position_approach_service_courtesy_space,corridor,"queue_position,approach_service,courtesy_space",3,0,0,0,0,5,"approach-counter,gaze-at-agent,gaze-avert,position-in-queue,yield-pass",gaze-at-agent -> gaze-avert -> yield-pass -> position-in-queue -> approach-counter,5,3,2.302585,0.575646,2.302585,11.817315,2,3,2,1.0,"{""courtesy_space"": 0.055333, ""queue_position"": 0.035459, ""approach_service"": 0.020596}","{""gaze-avert"": 0.027667, ""yield-pass"": 0.045396, ""position-in-queue"": 0.01773, ""approach-counter"": 0.010298, ""gaze-at-agent"": 0.010298}",0.0
exp2,exp2_corridor_k3_queue_position_approach_service_direct_approach,corridor,"queue_position,approach_service,direct_approach",3,0,0,0,0,5,"approach-counter,engage-staff,gaze-at-agent,position-in-queue,yield-pass",yield-pass -> approach-counter -> engage-staff -> gaze-at-agent -> position-in-queue,5,4,2.302585,0.575646,2.302585,12.001527,2,4,1,1.0,"{""queue_position"": 0.021517, ""direct_approach"": 0.017029, ""approach_service"": 0.009874}","{""yield-pass"": 0.010759, ""position-in-queue"": 0.010759, ""engage-staff"": 0.008514, ""approach-counter"": 0.013451, ""gaze-at-agent"": 0.004937}",0.0
exp2,exp2_corridor_k3_queue_position_courtesy_space_direct_approach,corridor,"queue_position,courtesy_space,direct_approach",3,0,0,0,0,5,"approach-counter,engage-staff,gaze-avert,position-in-queue,yield-pass",approach-counter -> engage-staff -> gaze-avert -> yield-pass -> position-in-queue,5,3,0.0,0.0,-0.0,9.634404,2,3,2,1.0,"{""courtesy_space"": 0.05841, ""queue_position"": 0.03989, ""direct_approach"": 0.03274}","{""gaze-avert"": 0.029205, ""yield-pass"": 0.04915, ""position-in-queue"": 0.019945, ""engage-staff"": 0.01637, ""approach-counter"": 0.01637}",0.0
exp2,exp2_corridor_k3_wait_patiently_approach_service_courtesy_space,corridor,"wait_patiently,approach_service,courtesy_space",3,0,0,0,0,6,"approach-counter,gaze-at-agent,gaze-avert,wait-acknowledge,wait-for-turn,yield-pass",wait-for-turn -> yield-pass -> approach-counter -> gaze-avert -> wait-acknowledge -> gaze-at-agent,6,3,4.60517,0.921034,2.302585,13.313264,1,3,3,1.0,"{""courtesy_space"": 0.059479, ""wait_patiently"": 0.046232, ""approach_service"": 0.025518}","{""gaze-avert"": 0.02974, ""yield-pass"": 0.02974, ""wait-acknowledge"": 0.023116, ""wait-for-turn"": 0.023116, ""approach-counter"": 0.012759, ""gaze-at-agent"": 0.012759}",0.0
exp2,exp2_corridor_k3_wait_patiently_approach_service_direct_approach,corridor,"wait_patiently,approach_service,direct_approach",3,0,0,0,0,5,"approach-counter,engage-staff,gaze-at-agent,wait-acknowledge,wait-for-turn",wait-for-turn -> approach-counter -> gaze-at-agent -> engage-staff -> wait-acknowledge,5,4,2.302585,0.575646,2.302585,10.591365,0,4,1,1.0,"{""wait_patiently"": 0.033237, ""direct_approach"": 0.020088, ""approach_service"": 0.013323}","{""wait-acknowledge"": 0.016618, ""wait-for-turn"": 0.016618, ""engage-staff"": 0.010044, ""approach-counter"": 0.016705, ""gaze-at-agent"": 0.006662}",0.0
exp2,exp2_corridor_k3_wait_patiently_courtesy_space_direct_approach,corridor,"wait_patiently,courtesy_space,direct_approach",3,0,0,0,0,6,"approach-counter,engage-staff,gaze-avert,wait-acknowledge,wait-for-turn,yield-pass",wait-for-turn -> yield-pass -> approach-counter -> engage-staff -> gaze-avert -> wait-acknowledge,6,3,2.302585,0.460517,2.302585,10.964254,1,3,3,1.0,"{""courtesy_space"": 0.063105, ""wait_patiently"": 0.051101, ""direct_approach"": 0.037665}","{""gaze-avert"": 0.031552, ""yield-pass"": 0.031552, ""wait-acknowledge"": 0.025551, ""wait-for-turn"": 0.025551, ""engage-staff"": 0.018833, ""approach-counter"": 0.018833}",0.0
exp2,exp2_corridor_k3_approach_service_courtesy_space_direct_approach,corridor,"approach_service,courtesy_space,direct_approach",3,0,0,0,0,5,"approach-counter,engage-staff,gaze-at-agent,gaze-avert,yield-pass",gaze-avert -> yield-pass -> approach-counter -> gaze-at-agent -> engage-staff,5,3,2.302585,0.575646,2.302585,9.855411,1,3,2,1.0,"{""courtesy_space"": 0.050668, ""direct_approach"": 0.022712, ""approach_service"": 0.016333}","{""gaze-avert"": 0.025334, ""yield-pass"": 0.025334, ""engage-staff"": 0.011356, ""approach-counter"": 0.019522, ""gaze-at-agent"": 0.008167}",0.0
exp2,exp2_corridor_k4_observe_scene_queue_position_wait_patiently_approach_service,corridor,"observe_scene,queue_position,wait_patiently,approach_service",4,0,0,0,0,8,"approach-counter,gaze-at-agent,gaze-scan,position-in-queue,scan-environment,wait-acknowledge,wait-for-turn,yield-pass",scan-environment -> position-in-queue -> wait-for-turn -> approach-counter -> wait-acknowledge -> gaze-scan -> yield-pass -> gaze-at-agent,8,5,6.907755,0.986822,2.302585,21.957301,2,5,3,1.0,"{""wait_patiently"": 0.039292, ""observe_scene"": 0.034745, ""queue_position"": 0.030302, ""approach_service"": 0.016641}","{""wait-acknowledge"": 0.019646, ""wait-for-turn"": 0.019646, ""gaze-scan"": 0.017372, ""scan-environment"": 0.017372, ""yield-pass"": 0.015151, ""position-in-queue"": 0.015151, ""approach-counter"": 0.00832, ""gaze-at-agent"": 0.00832}",0.0
exp2,exp2_corridor_k4_observe_scene_queue_position_wait_patiently_courtesy_space,corridor,"observe_scene,queue_position,wait_patiently,courtesy_space",4,0,0,0,0,7,"gaze-avert,gaze-scan,position-in-queue,scan-environment,wait-acknowledge,wait-for-turn,yield-pass",scan-environment -> gaze-scan -> position-in-queue -> wait-for-turn -> yield-pass -> gaze-avert -> wait-acknowledge,7,3,6.907755,1.151293,2.302585,13.595676,2,3,4,1.0,"{""courtesy_space"": 0.063005, ""wait_patiently"": 0.049588, ""observe_scene"": 0.044919, ""queue_position"": 0.041381}","{""gaze-avert"": 0.031502, ""yield-pass"": 0.052193, ""wait-acknowledge"": 0.024794, ""wait-for-turn"": 0.024794, ""gaze-scan"": 0.022459, ""scan-environment"": 0.022459, ""position-in-queue"": 0.02069}",0.0
exp2,exp2_corridor_k4_observe_scene_queue_position_wait_patiently_direct_approach,corridor,"observe_scene,queue_position,wait_patiently,direct_approach",4,0,0,0,0,8,"approach-counter,engage-staff,gaze-scan,position-in-queue,scan-environment,wait-acknowledge,wait-for-turn,yield-pass",scan-environment -> position-in-queue -> wait-for-turn -> approach-counter -> engage-staff -> wait-acknowledge -> gaze-scan -> yield-pass,8,5,2.302585,0.328941,2.302585,19.833976,2,5,3,1.0,"{""wait_patiently"": 0.042051, ""observe_scene"": 0.037514, ""queue_position"": 0.033244, ""direct_approach"": 0.028298}","{""wait-acknowledge"": 0.021025, ""wait-for-turn"": 0.021025, ""gaze-scan"": 0.018757, ""scan-environment"": 0.018757, ""yield-pass"": 0.016622, ""position-in-queue"": 0.016622, ""engage-staff"": 0.014149, ""approach-counter"": 0.014149}",0.0
exp2,exp2_corridor_k4_observe_scene_queue_position_approach_service_courtesy_space,corridor,"observe_scene,queue_position,approach_service,courtesy_space",4,0,0,0,0,7,"approach-counter,gaze-at-agent,gaze-avert,gaze-scan,position-in-queue,scan-environment,yield-pass",scan-environment -> position-in-queue -> yield-pass -> gaze-avert -> gaze-scan -> approach-counter -> gaze-at-agent,7,4,6.907755,1.151293,2.302585,17.817082,2,4,3,1.0,"{""courtesy_space"": 0.05747, ""observe_scene"": 0.038036, ""queue_position"": 0.035085, ""approach_service"": 0.019369}","{""gaze-avert"": 0.028735, ""yield-pass"": 0.046278, ""gaze-scan"": 0.019018, ""scan-environment"": 0.019018, ""position-in-queue"": 0.017543, ""approach-counter"": 0.009684, ""gaze-at-agent"": 0.009684}",0.0
exp2,exp2_corridor_k4_observe_scene_queue_position_approach_service_direct_approach,corridor,"observe_scene,queue_position,approach_service,direct_approach",4,0,0,0,0,7,"approach-counter,engage-staff,gaze-at-agent,gaze-scan,position-in-queue,scan-environment,yield-pass",approach-counter -> engage-staff -> gaze-at-agent -> gaze-scan -> scan-environment -> yield-pass -> position-in-queue,7,5,4.60517,0.767528,2.302585,18.212872,2,5,2,1.0,"{""observe_scene"": 0.030355, ""queue_position"": 0.025989, ""direct_approach"": 0.020486, ""approach_service"": 0.012201}","{""gaze-scan"": 0.015178, ""scan-environment"": 0.015178, ""yield-pass"": 0.012995, ""position-in-queue"": 0.012995, ""engage-staff"": 0.010243, ""approach-counter"": 0.016344, ""gaze-at-agent"": 0.0061}",0.0
exp2,exp2_corridor_k4_observe_scene_queue_position_courtesy_space_direct_approach,corridor,"observe_scene,queue_position,courtesy_space,direct_approach",4,0,0,0,0,7,"approach-counter,engage-staff,gaze-avert,gaze-scan,position-in-queue,scan-environment,yield-pass",approach-counter -> engage-staff -> gaze-avert -> yield-pass -> gaze-scan -> scan-environment -> position-in-queue,7,4,0.0,0.0,-0.0,15.670538,2,4,3,1.0,"{""courtesy_space"": 0.059605, ""observe_scene"": 0.041017, ""queue_position"": 0.038085, ""direct_approach"": 0.031187}","{""gaze-avert"": 0.029802, ""yield-pass"": 0.048845, ""gaze-scan"": 0.020508, ""scan-environment"": 0.020508, ""position-in-queue"": 0.019042, ""engage-staff"": 0.015594, ""approach-counter"": 0.015594}",0.0
exp2,exp2_corridor_k4_observe_scene_wait_patiently_approach_service_courtesy_space,corridor,"observe_scene,wait_patiently,approach_service,courtesy_space",4,0,0,0,0,8,"approach-counter,gaze-at-agent,gaze-avert,gaze-scan,scan-environment,wait-acknowledge,wait-for-turn,yield-pass",wait-for-turn -> gaze-scan -> approach-counter -> gaze-avert -> yield-pass -> wait-acknowledge -> scan-environment -> gaze-at-agent,8,4,9.21034,1.315763,2.302585,20.055198,1,4,4,1.0,"{""courtesy_space"": 0.060475, ""wait_patiently"": 0.045965, ""observe_scene"": 0.041026, ""approach_service"": 0.022505}","{""gaze-avert"": 0.030237, ""yield-pass"": 0.030237, ""wait-acknowledge"": 0.022983, ""wait-for-turn"": 0.022983, ""gaze-scan"": 0.020513, ""scan-environment"": 0.020513, ""approach-counter"": 0.011253, ""gaze-at-agent"": 0.011253}",0.0
exp2,exp2_corridor_k4_observe_scene_wait_patiently_approach_service_direct_approach,corridor,"observe_scene,wait_patiently,approach_service,direct_approach",4,0,0,0,0,7,"approach-counter,engage-staff,gaze-at-agent,gaze-scan,scan-environment,wait-acknowledge,wait-for-turn",wait-for-turn -> gaze-scan -> approach-counter -> gaze-at-agent -> engage-staff -> wait-acknowledge -> scan-environment,7,5,4.60517,0.767528,2.302585,17.365883,0,5,2,1.0,"{""wait_patiently"": 0.037772, ""observe_scene"": 0.033278, ""direct_approach"": 0.022737, ""approach_service"": 0.0147}","{""wait-acknowledge"": 0.018886, ""wait-for-turn"": 0.018886, ""gaze-scan"": 0.016639, ""scan-environment"": 0.016639, ""engage-staff"": 0.011368, ""approach-counter"": 0.018718, ""gaze-at-agent"": 0.00735}",0.0
exp2,exp2_corridor_k4_observe_scene_wait_patiently_courtesy_space_direct_approach,corridor,"observe_scene,wait_patiently,courtesy_space,direct_approach",4,0,0,0,0,8,"approach-counter,engage-staff,gaze-avert,gaze-scan,scan-environment,wait-acknowledge,wait-for-turn,yield-pass",wait-for-turn -> gaze-scan -> approach-counter -> engage-staff -> gaze-avert -> yield-pass -> wait-acknowledge -> scan-environment,8,4,4.60517,0.657881,2.302585,17.820548,1,4,4,1.0,"{""courtesy_space"": 0.06285, ""wait_patiently"": 0.049103, ""observe_scene"": 0.044101, ""direct_approach"": 0.034235}","{""gaze-avert"": 0.031425, ""yield-pass"": 0.031425, ""wait-acknowledge"": 0.024552, ""wait-for-turn"": 0.024552, ""gaze-scan"": 0.02205, ""scan-environment"": 0.02205, ""engage-staff"": 0.017117, ""approach-counter"": 0.017117}",0.0
exp2,exp2_corridor_k4_observe_scene_approach_service_courtesy_space_direct_approach,corridor,"observe_scene,approach_service,courtesy_space,direct_approach",4,0,0,0,0,7,"approach-counter,engage-staff,gaze-at-agent,gaze-avert,gaze-scan,scan-environment,yield-pass",gaze-scan -> approach-counter -> gaze-at-agent -> engage-staff -> gaze-avert -> yield-pass -> scan-environment,7,4,2.302585,0.383764,2.302585,16.104467,1,4,3,1.0,"{""courtesy_space"": 0.055587, ""observe_scene"": 0.036461, ""direct_approach"": 0.024746, ""approach_service"": 0.016876}","{""gaze-avert"": 0.027794, ""yield-pass"": 0.027794, ""gaze-scan"": 0.018231, ""scan-environment"": 0.018231, ""engage-staff"": 0.012373, ""approach-counter"": 0.020811, ""gaze-at-agent"": 0.008438}",0.0
exp2,exp2_corridor_k4_queue_position_wait_patiently_approach_service_courtesy_space,corridor,"queue_position,wait_patiently,approach_service,courtesy_space",4,0,0,0,0,7,"approach-counter,gaze-at-agent,gaze-avert,position-in-queue,wait-acknowledge,wait-for-turn,yield-pass",position-in-queue -> wait-for-turn -> yield-pass -> approach-counter -> gaze-avert -> wait-acknowledge -> gaze-at-agent,7,4,4.60517,0.767528,2.302585,16.63443,2,4,3,1.0,"{""courtesy_space"": 0.05907, ""wait_patiently"": 0.044542, ""queue_position"": 0.036508, ""approach_service"": 0.020966}","{""gaze-avert"": 0.029535, ""yield-pass"": 0.047789, ""wait-acknowledge"": 0.022271, ""wait-for-turn"": 0.022271, ""position-in-queue"": 0.018254, ""approach-counter"": 0.010483, ""gaze-at-agent"": 0.010483}",0.0
exp2,exp2_corridor_k4_queue_position_wait_patiently_approach_service_direct_approach,corridor,"queue_position,wait_patiently,approach_service,direct_approach",4,0,0,0,0,7,"approach-counter,engage-staff,gaze-at-agent,position-in-queue,wait-acknowledge,wait-for-turn,yield-pass",position-in-queue -> wait-for-turn -> yield-pass -> approach-counter -> gaze-at-agent -> engage-staff -> wait-acknowledge,7,5,4.60517,0.767528,2.302585,17.178466,2,5,2,1.0,"{""wait_patiently"": 0.036212, ""queue_position"": 0.027437, ""direct_approach"": 0.021374, ""approach_service"": 0.013369}","{""wait-acknowledge"": 0.018106, ""wait-for-turn"": 0.018106, ""yield-pass"": 0.013719, ""position-in-queue"": 0.013719, ""engage-staff"": 0.010687, ""approach-counter"": 0.017371, ""gaze-at-agent"": 0.006684}",0.0
exp2,exp2_corridor_k4_queue_position_wait_patiently_courtesy_space_direct_approach,corridor,"queue_position,wait_patiently,courtesy_space,direct_approach",4,0,0,0,0,7,"approach-counter,engage-staff,gaze-avert,position-in-queue,wait-acknowledge,wait-for-turn,yield-pass",position-in-queue -> wait-for-turn -> yield-pass -> approach-counter -> engage-staff -> gaze-avert -> wait-acknowledge,7,4,2.302585,0.383764,2.302585,14.341339,2,4,3,1.0,"{""courtesy_space"": 0.061192, ""wait_patiently"": 0.047609, ""queue_position"": 0.039576, ""direct_approach"": 0.032836}","{""gaze-avert"": 0.030596, ""yield-pass"": 0.050384, ""wait-acknowledge"": 0.023805, ""wait-for-turn"": 0.023805, ""position-in-queue"": 0.019788, ""engage-staff"": 0.016418, ""approach-counter"": 0.016418}",0.0
exp2,exp2_corridor_k4_queue_position_approach_service_courtesy_space_direct_approach,corridor,"queue_position,approach_service,courtesy_space,direct_approach",4,0,0,0,0,6,"approach-counter,engage-staff,gaze-at-agent,gaze-avert,position-in-queue,yield-pass",yield-pass -> approach-counter -> gaze-at-agent -> engage-staff -> gaze-avert -> position-in-queue,6,4,4.60517,0.921034,2.302585,13.61535,2,4,2,1.0,"{""courtesy_space"": 0.05465, ""queue_position"": 0.032593, ""direct_approach"": 0.023435, ""approach_service"": 0.015546}","{""gaze-avert"": 0.027325, ""yield-pass"": 0.043621, ""position-in-queue"": 0.016297, ""engage-staff"": 0.011717, ""approach-counter"": 0.01949, ""gaze-at-agent"": 0.007773}",0.0
exp2,exp2_corridor_k4_wait_patiently_approach_service_courtesy_space_direct_approach,corridor,"wait_patiently,approach_service,courtesy_space,direct_approach",4,0,0,0,0,7,"approach-counter,engage-staff,gaze-at-agent,gaze-avert,wait-acknowledge,wait-for-turn,yield-pass",wait-for-turn -> yield-pass -> approach-counter -> engage-staff -> gaze-avert -> wait-acknowledge -> gaze-at-agent,7,4,2.302585,0.383764,2.302585,15.322866,1,4,3,1.0,"{""courtesy_space"": 0.057676, ""wait_patiently"": 0.043262, ""direct_approach"": 0.025948, ""approach_service"": 0.018334}","{""gaze-avert"": 0.028838, ""yield-pass"": 0.028838, ""wait-acknowledge"": 0.021631, ""wait-for-turn"": 0.021631, ""engage-staff"": 0.012974, ""approach-counter"": 0.022141, ""gaze-at-agent"": 0.009167}",0.0
exp2,exp2_corridor_k5_observe_scene_queue_position_wait_patiently_approach_service_courtesy_space,corridor,"observe_scene,queue_position,wait_patiently,approach_service,courtesy_space",5,0,0,0,0,9,"approach-counter,gaze-at-agent,gaze-avert,gaze-scan,position-in-queue,scan-environment,wait-acknowledge,wait-for-turn,yield-pass",scan-environment -> position-in-queue -> wait-for-turn -> gaze-scan -> approach-counter -> yield-pass -> gaze-avert -> wait-acknowledge -> gaze-at-agent,9,5,6.907755,0.863469,2.302585,23.182446,2,5,4,1.0,"{""courtesy_space"": 0.059832, ""wait_patiently"": 0.044784, ""observe_scene"": 0.03965, ""queue_position"": 0.03598, ""approach_service"": 0.019995}","{""gaze-avert"": 0.029916, ""yield-pass"": 0.047906, ""wait-acknowledge"": 0.022392, ""wait-for-turn"": 0.022392, ""gaze-scan"": 0.019825, ""scan-environment"": 0.019825, ""position-in-queue"": 0.01799, ""approach-counter"": 0.009997, ""gaze-at-agent"": 0.009997}",0.0
exp2,exp2_corridor_k5_observe_scene_queue_position_wait_patiently_approach_service_direct_approach,corridor,"observe_scene,queue_position,wait_patiently,approach_service,direct_approach",5,0,0,0,0,9,"approach-counter,engage-staff,gaze-at-agent,gaze-scan,position-in-queue,scan-environment,wait-acknowledge,wait-for-turn,yield-pass",scan-environment -> position-in-queue -> wait-for-turn -> gaze-scan -> approach-counter -> gaze-at-agent -> engage-staff -> wait-acknowledge -> yield-pass,9,6,4.60517,0.575646,2.302585,24.019778,2,6,3,1.0,"{""wait_patiently"": 0.038731, ""observe_scene"": 0.033916, ""queue_position"": 0.029263, ""direct_approach"": 0.023118, ""approach_service"": 0.014371}","{""wait-acknowledge"": 0.019366, ""wait-for-turn"": 0.019366, ""gaze-scan"": 0.016958, ""scan-environment"": 0.016958, ""yield-pass"": 0.014632, ""position-in-queue"": 0.014632, ""engage-staff"": 0.011559, ""approach-counter"": 0.018745, ""gaze-at-agent"": 0.007186}",0.0
exp2,exp2_corridor_k5_observe_scene_queue_position_wait_patiently_courtesy_space_direct_approach,corridor,"observe_scene,queue_position,wait_patiently,courtesy_space,direct_approach",5,0,0,0,0,9,"approach-counter,engage-staff,gaze-avert,gaze-scan,position-in-queue,scan-environment,wait-acknowledge,wait-for-turn,yield-pass",scan-environment -> position-in-queue -> wait-for-turn -> gaze-scan -> approach-counter -> engage-staff -> yield-pass -> gaze-avert -> wait-acknowledge,9,5,6.907755,0.863469,2.302585,20.981239,2,5,4,1.0,"{""courtesy_space"": 0.061455, ""wait_patiently"": 0.04706, ""observe_scene"": 0.041895, ""queue_position"": 0.03828, ""direct_approach"": 0.031662}","{""gaze-avert"": 0.030728, ""yield-pass"": 0.049868, ""wait-acknowledge"": 0.02353, ""wait-for-turn"": 0.02353, ""gaze-scan"": 0.020947, ""scan-environment"": 0.020947, ""position-in-queue"": 0.01914, ""engage-staff"": 0.015831, ""approach-counter"": 0.015831}",0.0
exp2,exp2_corridor_k5_observe_scene_queue_position_approach_service_courtesy_space_direct_approach,corridor,"observe_scene,queue_position,approach_service,courtesy_space,direct_approach",5,0,0,0,0,8,"approach-counter,engage-staff,gaze-at-agent,gaze-avert,gaze-scan,position-in-queue,scan-environment,yield-pass",scan-environment -> position-in-queue -> yield-pass -> gaze-avert -> approach-counter -> gaze-scan -> engage-staff -> gaze-at-agent,8,5,11.512925,1.644704,2.302585,19.717668,2,5,3,1.0,"{""courtesy_space"": 0.056675, ""observe_scene"": 0.036364, ""queue_position"": 0.033073, ""direct_approach"": 0.02474, ""approach_service"": 0.016044}","{""gaze-avert"": 0.028337, ""yield-pass"": 0.044874, ""gaze-scan"": 0.018182, ""scan-environment"": 0.018182, ""position-in-queue"": 0.016537, ""engage-staff"": 0.01237, ""approach-counter"": 0.020392, ""gaze-at-agent"": 0.008022}",0.0
exp2,exp2_corridor_k5_observe_scene_wait_patiently_approach_service_courtesy_space_direct_approach,corridor,"observe_scene,wait_patiently,approach_service,courtesy_space,direct_approach",5,0,0,0,0,9,"approach-counter,engage-staff,gaze-at-agent,gaze-avert,gaze-scan,scan-environment,wait-acknowledge,wait-for-turn,yield-pass",wait-for-turn -> yield-pass -> gaze-scan -> approach-counter -> gaze-at-agent -> engage-staff -> gaze-avert -> wait-acknowledge -> scan-environment,9,5,4.60517,0.575646,2.302585,22.195342,1,5,4,1.0,"{""courtesy_space"": 0.059068, ""wait_patiently"": 0.043951, ""observe_scene"": 0.038654, ""direct_approach"": 0.026668, ""approach_service"": 0.018164}","{""gaze-avert"": 0.029534, ""yield-pass"": 0.029534, ""wait-acknowledge"": 0.021975, ""wait-for-turn"": 0.021975, ""gaze-scan"": 0.019327, ""scan-environment"": 0.019327, ""engage-staff"": 0.013334, ""approach-counter"": 0.022416, ""gaze-at-agent"": 0.009082}",0.0
exp2,exp2_corridor_k5_queue_position_wait_patiently_approach_service_courtesy_space_direct_approach,corridor,"queue_position,wait_patiently,approach_service,courtesy_space,direct_approach",5,0,0,0,0,8,"approach-counter,engage-staff,gaze-at-agent,gaze-avert,position-in-queue,wait-acknowledge,wait-for-turn,yield-pass",position-in-queue -> wait-for-turn -> yield-pass -> approach-counter -> engage-staff -> gaze-avert -> wait-acknowledge -> gaze-at-agent,8,5,2.302585,0.328941,2.302585,18.750762,2,5,3,1.0,"{""courtesy_space"": 0.058008, ""wait_patiently"": 0.042825, ""queue_position"": 0.034192, ""direct_approach"": 0.025632, ""approach_service"": 0.017103}","{""gaze-avert"": 0.029004, ""yield-pass"": 0.0461, ""wait-acknowledge"": 0.021412, ""wait-for-turn"": 0.021412, ""position-in-queue"": 0.017096, ""engage-staff"": 0.012816, ""approach-counter"": 0.021368, ""gaze-at-agent"": 0.008552}",0.0
exp2,exp2_corridor_k6_observe_scene_queue_position_wait_patiently_approach_service_courtesy_space_direct_approach,corridor,"observe_scene,queue_position,wait_patiently,approach_service,courtesy_space,direct_approach",6,0,0,0,0,10,"approach-counter,engage-staff,gaze-at-agent,gaze-avert,gaze-scan,position-in-queue,scan-environment,wait-acknowledge,wait-for-turn,yield-pass",scan-environment -> position-in-queue -> wait-for-turn -> gaze-scan -> approach-counter -> gaze-at-agent -> engage-staff -> yield-pass -> gaze-avert -> wait-acknowledge,10,6,9.21034,1.023371,2.302585,25.446866,2,6,4,1.0,"{""courtesy_space"": 0.058914, ""wait_patiently"": 0.043428, ""observe_scene"": 0.038065, ""queue_position"": 0.034242, ""direct_approach"": 0.02626, ""approach_service"": 0.017189}","{""gaze-avert"": 0.029457, ""yield-pass"": 0.046578, ""wait-acknowledge"": 0.021714, ""wait-for-turn"": 0.021714, ""gaze-scan"": 0.019033, ""scan-environment"": 0.019033, ""position-in-queue"": 0.017121, ""engage-staff"": 0.01313, ""approach-counter"": 0.021725, ""gaze-at-agent"": 0.008594}",0.0
exp2,exp2_hospital_k1_observe_scene,hospital,observe_scene,1,0,0,0,0,2,"gaze-scan,scan-environment",gaze-scan -> scan-environment,2,1,0.0,0.0,-0.0,0.325038,0,1,1,1.0,"{""observe_scene"": 0.047813}","{""gaze-scan"": 0.023906, ""scan-environment"": 0.023906}",0.0
exp2,exp2_hospital_k1_queue_position,hospital,queue_position,1,0,0,0,0,2,"position-in-queue,yield-pass",yield-pass -> position-in-queue,2,1,0.0,0.0,-0.0,0.210721,2,1,1,1.0,"{""queue_position"": 0.050625}","{""yield-pass"": 0.025313, ""position-in-queue"": 0.025313}",0.0
exp2,exp2_hospital_k1_wait_patiently,hospital,wait_patiently,1,0,0,0,0,2,"wait-acknowledge,wait-for-turn",wait-acknowledge -> wait-for-turn,2,1,0.0,0.0,-0.0,0.102587,0,1,1,1.0,"{""wait_patiently"": 0.053438}","{""wait-acknowledge"": 0.026719, ""wait-for-turn"": 0.026719}",0.0
exp2,exp2_hospital_k1_approach_service,hospital,approach_service,1,0,0,0,0,2,"approach-counter,gaze-at-agent",approach-counter -> gaze-at-agent,2,2,0.0,0.0,-0.0,0.446287,0,2,0,1.0,"{""approach_service"": 0.045}","{""approach-counter"": 0.0225, ""gaze-at-agent"": 0.0225}",0.0
exp2,exp2_hospital_k1_courtesy_space,hospital,courtesy_space,1,0,0,0,0,2,"gaze-avert,yield-pass",gaze-avert -> yield-pass,2,0,0.0,0.0,-0.0,1.021651,1,0,2,1.0,"{""courtesy_space"": 0.03375}","{""gaze-avert"": 0.016875, ""yield-pass"": 0.016875}",0.0
exp2,exp2_hospital_k1_direct_approach,hospital,direct_approach,1,0,0,0,0,2,"approach-counter,engage-staff",approach-counter -> engage-staff,2,2,0.0,0.0,-0.0,3.79424,0,2,0,1.0,"{""direct_approach"": 0.008438}","{""engage-staff"": 0.004219, ""approach-counter"": 0.004219}",0.0
exp2,exp2_hospital_k2_observe_scene_queue_position,hospital,"observe_scene,queue_position",2,0,0,0,0,4,"gaze-scan,position-in-queue,scan-environment,yield-pass",scan-environment -> gaze-scan -> position-in-queue -> yield-pass,4,2,4.60517,1.535057,2.302585,4.093495,2,2,2,1.0,"{""queue_position"": 0.088125, ""observe_scene"": 0.086875}","{""yield-pass"": 0.044063, ""position-in-queue"": 0.044063, ""gaze-scan"": 0.043438, ""scan-environment"": 0.043438}",0.0
exp2,exp2_hospital_k2_observe_scene_wait_patiently,hospital,"observe_scene,wait_patiently",2,0,0,0,0,4,"gaze-scan,scan-environment,wait-acknowledge,wait-for-turn",gaze-scan -> wait-acknowledge -> scan-environment -> wait-for-turn,4,2,4.60517,1.535057,2.302585,4.042519,0,2,2,1.0,"{""wait_patiently"": 0.09125, ""observe_scene"": 0.08875}","{""wait-acknowledge"": 0.045625, ""wait-for-turn"": 0.045625, ""gaze-scan"": 0.044375, ""scan-environment"": 0.044375}",0.0
exp2,exp2_hospital_k2_observe_scene_approach_service,hospital,"observe_scene,approach_service",2,0,0,0,0,4,"approach-counter,gaze-at-agent,gaze-scan,scan-environment",gaze-scan -> scan-environment -> approach-counter -> gaze-at-agent,4,3,4.60517,1.535057,2.302585,4.918746,0,3,1,1.0,"{""observe_scene"": 0.083125, ""approach_service"": 0.081875}","{""gaze-scan"": 0.041563, ""scan-environment"": 0.041563, ""approach-counter"": 0.040938, ""gaze-at-agent"": 0.040938}",0.0
exp2,exp2_hospital_k2_observe_scene_courtesy_space,hospital,"observe_scene,courtesy_space",2,0,0,0,0,4,"gaze-avert,gaze-scan,scan-environment,yield-pass",gaze-scan -> yield-pass -> scan-environment -> gaze-avert,4,1,4.60517,1.535057,2.302585,4.613277,1,1,3,1.0,"{""observe_scene"": 0.075625, ""courtesy_space"": 0.069375}","{""gaze-scan"": 0.037812, ""scan-environment"": 0.037812, ""gaze-avert"": 0.034688, ""yield-pass"": 0.034688}",0.0
exp2,exp2_hospital_k2_observe_scene_direct_approach,hospital,"observe_scene,direct_approach",2,0,0,0,0,4,"approach-counter,engage-staff,gaze-scan,scan-environment",gaze-scan -> approach-counter -> engage-staff -> scan-environment,4,3,2.302585,0.767528,2.302585,7.734172,0,3,1,1.0,"{""observe_scene"": 0.05875, ""direct_approach"": 0.04125}","{""gaze-scan"": 0.029375, ""scan-environment"": 0.029375, ""engage-staff"": 0.020625, ""approach-counter"": 0.020625}",0.0
exp2,exp2_hospital_k2_queue_position_wait_patiently,hospital,"queue_position,wait_patiently",2,0,0,0,0,4,"position-in-queue,wait-acknowledge,wait-for-turn,yield-pass",wait-acknowledge -> yield-pass -> position-in-queue -> wait-for-turn,4,2,0.0,0.0,-0.0,3.110177,2,2,2,1.0,"{""wait_patiently"": 0.093125, ""queue_position"": 0.091875}","{""wait-acknowledge"": 0.046563, ""wait-for-turn"": 0.046563, ""yield-pass"": 0.045937, ""position-in-queue"": 0.045937}",0.0
exp2,exp2_hospital_k2_queue_position_approach_service,hospital,"queue_position,approach_service",2,0,0,0,0,4,"approach-counter,gaze-at-agent,position-in-queue,yield-pass",position-in-queue -> yield-pass -> approach-counter -> gaze-at-agent,4,3,4.60517,1.535057,2.302585,4.804429,2,3,1,1.0,"{""queue_position"": 0.08625, ""approach_service"": 0.08375}","{""yield-pass"": 0.043125, ""position-in-queue"": 0.043125, ""approach-counter"": 0.041875, ""gaze-at-agent"": 0.041875}",0.0
exp2,exp2_hospital_k2_queue_position_courtesy_space,hospital,"queue_position,courtesy_space",2,0,0,0,0,3,"gaze-avert,position-in-queue,yield-pass",gaze-avert -> yield-pass -> position-in-queue,3,1,0.0,0.0,-0.0,2.023966,2,1,2,1.0,"{""queue_position"": 0.07875, ""courtesy_space"": 0.07125}","{""yield-pass"": 0.075, ""position-in-queue"": 0.039375, ""gaze-avert"": 0.035625}",0.0
exp2,exp2_hospital_k2_queue_position_direct_approach,hospital,"queue_position,direct_approach",2,0,0,0,0,4,"approach-counter,engage-staff,position-in-queue,yield-pass",yield-pass -> approach-counter -> engage-staff -> position-in-queue,4,3,2.302585,0.767528,2.302585,7.619856,2,3,1,1.0,"{""queue_position"": 0.061875, ""direct_approach"": 0.043125}","{""yield-pass"": 0.030938, ""position-in-queue"": 0.030938, ""engage-staff"": 0.021563, ""approach-counter"": 0.021563}",0.0
exp2,exp2_hospital_k2_wait_patiently_approach_service,hospital,"wait_patiently,approach_service",2,0,0,0,0,4,"approach-counter,gaze-at-agent,wait-acknowledge,wait-for-turn",wait-for-turn -> approach-counter -> wait-acknowledge -> gaze-at-agent,4,3,2.302585,0.767528,2.302585,3.345743,0,3,1,1.0,"{""wait_patiently"": 0.089375, ""approach_service"": 0.085625}","{""wait-acknowledge"": 0.044688, ""wait-for-turn"": 0.044688, ""approach-counter"": 0.042813, ""gaze-at-agent"": 0.042813}",0.0
exp2,exp2_hospital_k2_wait_patiently_courtesy_space,hospital,"wait_patiently,courtesy_space",2,0,0,0,0,4,"gaze-avert,wait-acknowledge,wait-for-turn,yield-pass",wait-acknowledge -> yield-pass -> wait-for-turn -> gaze-avert,4,1,4.60517,1.535057,2.302585,4.565099,1,1,3,1.0,"{""wait_patiently"": 0.081875, ""courtesy_space"": 0.073125}","{""wait-acknowledge"": 0.040938, ""wait-for-turn"": 0.040938, ""gaze-avert"": 0.036562, ""yield-pass"": 0.036562}",0.0
exp2,exp2_hospital_k2_wait_patiently_direct_approach,hospital,"wait_patiently,direct_approach",2,0,0,0,0,4,"approach-counter,engage-staff,wait-acknowledge,wait-for-turn",wait-for-turn -> approach-counter -> engage-staff -> wait-acknowledge,4,3,0.0,0.0,-0.0,6.693696,0,3,1,1.0,"{""wait_patiently"": 0.065, ""direct_approach"": 0.045}","{""wait-acknowledge"": 0.0325, ""wait-for-turn"": 0.0325, ""engage-staff"": 0.0225, ""approach-counter"": 0.0225}",0.0
exp2,exp2_hospital_k2_approach_service_courtesy_space,hospital,"approach_service,courtesy_space",2,0,0,0,0,4,"approach-counter,gaze-at-agent,gaze-avert,yield-pass",gaze-avert -> yield-pass -> approach-counter -> gaze-at-agent,4,2,2.302585,0.767528,2.302585,4.550306,1,2,2,1.0,"{""approach_service"": 0.0725, ""courtesy_space"": 0.0675}","{""approach-counter"": 0.03625, ""gaze-at-agent"": 0.03625, ""gaze-avert"": 0.03375, ""yield-pass"": 0.03375}",0.0
exp2,exp2_hospital_k2_approach_service_direct_approach,hospital,"approach_service,direct_approach",2,0,0,0,0,3,"approach-counter,engage-staff,gaze-at-agent",approach-counter -> engage-staff -> gaze-at-agent,3,3,0.0,0.0,-0.0,1.583339,0,3,0,1.0,"{""approach_service"": 0.055625, ""direct_approach"": 0.039375}","{""approach-counter"": 0.0475, ""gaze-at-agent"": 0.027813, ""engage-staff"": 0.019688}",0.0
exp2,exp2_hospital_k2_courtesy_space_direct_approach,hospital,"courtesy_space,direct_approach",2,0,0,0,0,4,"approach-counter,engage-staff,gaze-avert,yield-pass",gaze-avert -> yield-pass -> approach-counter -> engage-staff,4,2,0.0,0.0,-0.0,7.080234,1,2,2,1.0,"{""courtesy_space"": 0.043125, ""direct_approach"": 0.031875}","{""gaze-avert"": 0.021562, ""yield-pass"": 0.021562, ""engage-staff"": 0.015938, ""approach-counter"": 0.015938}",0.0
exp2,exp2_hospital_k3_observe_scene_queue_position_wait_patiently,hospital,"observe_scene,queue_position,wait_patiently",3,0,0,0,0,6,"gaze-scan,position-in-queue,scan-environment,wait-acknowledge,wait-for-turn,yield-pass",scan-environment -> gaze-scan -> position-in-queue -> wait-for-turn -> wait-acknowledge -> yield-pass,6,3,4.60517,0.921034,2.302585,7.926703,2,3,3,1.0,"{""wait_patiently"": 0.091953, ""queue_position"": 0.089991, ""observe_scene"": 0.088041}","{""wait-acknowledge"": 0.045976, ""wait-for-turn"": 0.045976, ""yield-pass"": 0.044995, ""position-in-queue"": 0.044995, ""gaze-scan"": 0.04402, ""scan-environment"": 0.04402}",0.0
exp2,exp2_hospital_k3_observe_scene_queue_position_approach_service,hospital,"observe_scene,queue_position,approach_service",3,0,0,0,0,6,"approach-counter,gaze-at-agent,gaze-scan,position-in-queue,scan-environment,yield-pass",scan-environment -> position-in-queue -> yield-pass -> gaze-scan -> approach-counter -> gaze-at-agent,6,4,4.60517,0.921034,2.302585,9.521765,2,4,2,1.0,"{""queue_position"": 0.086997, ""observe_scene"": 0.085087, ""approach_service"": 0.083063}","{""yield-pass"": 0.043499, ""position-in-queue"": 0.043499, ""gaze-scan"": 0.042543, ""scan-environment"": 0.042543, ""approach-counter"": 0.041532, ""gaze-at-agent"": 0.041532}",0.0
exp2,exp2_hospital_k3_observe_scene_queue_position_courtesy_space,hospital,"observe_scene,queue_position,courtesy_space",3,0,0,0,0,5,"gaze-avert,gaze-scan,position-in-queue,scan-environment,yield-pass",scan-environment -> gaze-scan -> position-in-queue -> yield-pass -> gaze-avert,5,2,6.907755,1.726939,2.302585,6.578592,2,2,3,1.0,"{""queue_position"": 0.082692, ""observe_scene"": 0.08145, ""courtesy_space"": 0.071323}","{""yield-pass"": 0.077008, ""position-in-queue"": 0.041346, ""gaze-scan"": 0.040725, ""scan-environment"": 0.040725, ""gaze-avert"": 0.035662}",0.0
exp2,exp2_hospital_k3_observe_scene_queue_position_direct_approach,hospital,"observe_scene,queue_position,direct_approach",3,0,0,0,0,6,"approach-counter,engage-staff,gaze-scan,position-in-queue,scan-environment,yield-pass",scan-environment -> position-in-queue -> yield-pass -> gaze-scan -> engage-staff -> approach-counter,6,4,6.907755,1.381551,2.302585,12.254634,2,4,2,1.0,"{""queue_position"": 0.075291, ""observe_scene"": 0.073085, ""direct_approach"": 0.044661}","{""yield-pass"": 0.037646, ""position-in-queue"": 0.037646, ""gaze-scan"": 0.036543, ""scan-environment"": 0.036543, ""engage-staff"": 0.022331, ""approach-counter"": 0.022331}",0.0
exp2,exp2_hospital_k3_observe_scene_wait_patiently_approach_service,hospital,"observe_scene,wait_patiently,approach_service",3,0,0,0,0,6,"approach-counter,gaze-at-agent,gaze-scan,scan-environment,wait-acknowledge,wait-for-turn",wait-for-turn -> gaze-scan -> approach-counter -> wait-acknowledge -> scan-environment -> gaze-at-agent,6,4,6.907755,1.381551,2.302585,8.521803,0,4,2,1.0,"{""wait_patiently"": 0.089988, ""observe_scene"": 0.086126, ""approach_service"": 0.084031}","{""wait-acknowledge"": 0.044994, ""wait-for-turn"": 0.044994, ""gaze-scan"": 0.043063, ""scan-environment"": 0.043063, ""approach-counter"": 0.042016, ""gaze-at-agent"": 0.042016}",0.0
exp2,exp2_hospital_k3_observe_scene_wait_patiently_courtesy_space,hospital,"observe_scene,wait_patiently,courtesy_space",3,0,0,0,0,6,"gaze-avert,gaze-scan,scan-environment,wait-acknowledge,wait-for-turn,yield-pass",gaze-scan -> yield-pass -> scan-environment -> wait-for-turn -> wait-acknowledge -> gaze-avert,6,2,6.907755,1.381551,2.302585,8.922208,1,2,4,1.0,"{""wait_patiently"": 0.086152, ""observe_scene"": 0.08256, ""courtesy_space"": 0.072333}","{""wait-acknowledge"": 0.043076, ""wait-for-turn"": 0.043076, ""gaze-scan"": 0.04128, ""scan-environment"": 0.04128, ""gaze-avert"": 0.036166, ""yield-pass"": 0.036166}",0.0
exp2,exp2_hospital_k3_observe_scene_wait_patiently_direct_approach,hospital,"observe_scene,wait_patiently,direct_approach",3,0,0,0,0,6,"approach-counter,engage-staff,gaze-scan,scan-environment,wait-acknowledge,wait-for-turn",wait-for-turn -> gaze-scan -> approach-counter -> engage-staff -> wait-acknowledge -> scan-environment,6,4,2.302585,0.460517,2.302585,11.080856,0,4,2,1.0,"{""wait_patiently"": 0.078675, ""observe_scene"": 0.074127, ""direct_approach"": 0.045613}","{""wait-acknowledge"": 0.039338, ""wait-for-turn"": 0.039338, ""gaze-scan"": 0.037063, ""scan-environment"": 0.037063, ""engage-staff"": 0.022807, ""approach-counter"": 0.022807}",0.0
exp2,exp2_hospital_k3_observe_scene_approach_service_courtesy_space,hospital,"observe_scene,approach_service,courtesy_space",3,0,0,0,0,6,"approach-counter,gaze-at-agent,gaze-avert,gaze-scan,scan-environment,yield-pass",gaze-at-agent -> gaze-avert -> gaze-scan -> scan-environment -> approach-counter -> yield-pass,6,3,4.60517,0.921034,2.302585,9.565355,1,3,3,1.0,"{""observe_scene"": 0.0792, ""approach_service"": 0.077969, ""courtesy_space"": 0.069386}","{""gaze-scan"": 0.0396, ""scan-environment"": 0.0396, ""approach-counter"": 0.038984, ""gaze-at-agent"": 0.038984, ""gaze-avert"": 0.034693, ""yield-pass"": 0.034693}",0.0
exp2,exp2_hospital_k3_observe_scene_approach_service_direct_approach,hospital,"observe_scene,approach_service,direct_approach",3,0,0,0,0,5,"approach-counter,engage-staff,gaze-at-agent,gaze-scan,scan-environment",gaze-scan -> approach-counter -> engage-staff -> gaze-at-agent -> scan-environment,5,4,2.302585,0.575646,2.302585,5.759736,0,4,1,1.0,"{""observe_scene"": 0.070094, ""approach_service"": 0.066568, ""direct_approach"": 0.0422}","{""gaze-scan"": 0.035047, ""scan-environment"": 0.035047, ""approach-counter"": 0.054384, ""gaze-at-agent"": 0.033284, ""engage-staff"": 0.0211}",0.0
exp2,exp2_hospital_k3_observe_scene_courtesy_space_direct_approach,hospital,"observe_scene,courtesy_space,direct_approach",3,0,0,0,0,6,"approach-counter,engage-staff,gaze-avert,gaze-scan,scan-environment,yield-pass",gaze-scan -> approach-counter -> engage-staff -> gaze-avert -> scan-environment -> yield-pass,6,3,2.302585,0.460517,2.302585,12.138139,1,3,3,1.0,"{""observe_scene"": 0.065926, ""courtesy_space"": 0.058601, ""direct_approach"": 0.039514}","{""gaze-scan"": 0.032963, ""scan-environment"": 0.032963, ""gaze-avert"": 0.0293, ""yield-pass"": 0.0293, ""engage-staff"": 0.019757, ""approach-counter"": 0.019757}",0.0
exp2,exp2_hospital_k3_queue_position_wait_patiently_approach_service,hospital,"queue_position,wait_patiently,approach_service",3,0,0,0,0,6,"approach-counter,gaze-at-agent,position-in-queue,wait-acknowledge,wait-for-turn,yield-pass",position-in-queue -> wait-for-turn -> yield-pass -> approach-counter -> wait-acknowledge -> gaze-at-agent,6,4,4.60517,0.921034,2.302585,7.618586,2,4,2,1.0,"{""wait_patiently"": 0.091065, ""queue_position"": 0.089088, ""approach_service"": 0.085069}","{""wait-acknowledge"": 0.045533, ""wait-for-turn"": 0.045533, ""yield-pass"": 0.044544, ""position-in-queue"": 0.044544, ""approach-counter"": 0.042534, ""gaze-at-agent"": 0.042534}",0.0
exp2,exp2_hospital_k3_queue_position_wait_patiently_courtesy_space,hospital,"queue_position,wait_patiently,courtesy_space",3,0,0,0,0,5,"gaze-avert,position-in-queue,wait-acknowledge,wait-for-turn,yield-pass",wait-acknowledge -> gaze-avert -> yield-pass -> position-in-queue -> wait-for-turn,5,2,0.0,0.0,-0.0,5.333922,2,2,3,1.0,"{""wait_patiently"": 0.087111, ""queue_position"": 0.084546, ""courtesy_space"": 0.073084}","{""wait-acknowledge"": 0.043555, ""wait-for-turn"": 0.043555, ""yield-pass"": 0.078815, ""position-in-queue"": 0.042273, ""gaze-avert"": 0.036542}",0.0
exp2,exp2_hospital_k3_queue_position_wait_patiently_direct_approach,hospital,"queue_position,wait_patiently,direct_approach",3,0,0,0,0,6,"approach-counter,engage-staff,position-in-queue,wait-acknowledge,wait-for-turn,yield-pass",position-in-queue -> wait-for-turn -> approach-counter -> engage-staff -> wait-acknowledge -> yield-pass,6,4,0.0,0.0,-0.0,10.212562,2,4,2,1.0,"{""wait_patiently"": 0.079885, ""queue_position"": 0.077541, ""direct_approach"": 0.04677}","{""wait-acknowledge"": 0.039943, ""wait-for-turn"": 0.039943, ""yield-pass"": 0.03877, ""position-in-queue"": 0.03877, ""engage-staff"": 0.023385, ""approach-counter"": 0.023385}",0.0
exp2,exp2_hospital_k3_queue_position_approach_service_courtesy_space,hospital,"queue_position,approach_service,courtesy_space",3,0,0,0,0,5,"approach-counter,gaze-at-agent,gaze-avert,position-in-queue,yield-pass",gaze-at-agent -> gaze-avert -> yield-pass -> position-in-queue -> approach-counter,5,3,2.302585,0.575646,2.302585,6.729719,2,3,2,1.0,"{""queue_position"": 0.081683, ""approach_service"": 0.079182, ""courtesy_space"": 0.070753}","{""yield-pass"": 0.076218, ""position-in-queue"": 0.040841, ""approach-counter"": 0.039591, ""gaze-at-agent"": 0.039591, ""gaze-avert"": 0.035377}",0.0
exp2,exp2_hospital_k3_queue_position_approach_service_direct_approach,hospital,"queue_position,approach_service,direct_approach",3,0,0,0,0,5,"approach-counter,engage-staff,gaze-at-agent,position-in-queue,yield-pass",yield-pass -> approach-counter -> engage-staff -> gaze-at-agent -> position-in-queue,5,4,2.302585,0.575646,2.302585,5.645419,2,4,1,1.0,"{""queue_position"": 0.073447, ""approach_service"": 0.067592, ""direct_approach"": 0.043065}","{""yield-pass"": 0.036723, ""position-in-queue"": 0.036723, ""approach-counter"": 0.055329, ""gaze-at-agent"": 0.033796, ""engage-staff"": 0.021533}",0.0
exp2,exp2_hospital_k3_queue_position_courtesy_space_direct_approach,hospital,"queue_position,courtesy_space,direct_approach",3,0,0,0,0,5,"approach-counter,engage-staff,gaze-avert,position-in-queue,yield-pass",approach-counter -> engage-staff -> gaze-avert -> yield-pass -> position-in-queue,5,3,0.0,0.0,-0.0,9.281054,2,3,2,1.0,"{""queue_position"": 0.070622, ""courtesy_space"": 0.061884, ""direct_approach"": 0.0409}","{""yield-pass"": 0.066253, ""position-in-queue"": 0.035311, ""gaze-avert"": 0.030942, ""engage-staff"": 0.02045, ""approach-counter"": 0.02045}",0.0
exp2,exp2_hospital_k3_wait_patiently_approach_service_courtesy_space,hospital,"wait_patiently,approach_service,courtesy_space",3,0,0,0,0,6,"approach-counter,gaze-at-agent,gaze-avert,wait-acknowledge,wait-for-turn,yield-pass",wait-for-turn -> yield-pass -> approach-counter -> wait-acknowledge -> gaze-at-agent -> gaze-avert,6,3,4.60517,0.921034,2.302585,8.456509,1,3,3,1.0,"{""wait_patiently"": 0.084951, ""approach_service"": 0.080241, ""courtesy_space"": 0.071815}","{""wait-acknowledge"": 0.042476, ""wait-for-turn"": 0.042476, ""approach-counter"": 0.040121, ""gaze-at-agent"": 0.040121, ""gaze-avert"": 0.035907, ""yield-pass"": 0.035907}",0.0
exp2,exp2_hospital_k3_wait_patiently_approach_service_direct_approach,hospital,"wait_patiently,approach_service,direct_approach",3,0,0,0,0,5,"approach-counter,engage-staff,gaze-at-agent,wait-acknowledge,wait-for-turn",wait-for-turn -> approach-counter -> gaze-at-agent -> engage-staff -> wait-acknowledge,5,4,2.302585,0.575646,2.302585,5.148774,0,4,1,1.0,"{""wait_patiently"": 0.076427, ""approach_service"": 0.068042, ""direct_approach"": 0.043766}","{""wait-acknowledge"": 0.038214, ""wait-for-turn"": 0.038214, ""approach-counter"": 0.055904, ""gaze-at-agent"": 0.034021, ""engage-staff"": 0.021883}",0.0
exp2,exp2_hospital_k3_wait_patiently_courtesy_space_direct_approach,hospital,"wait_patiently,courtesy_space,direct_approach",3,0,0,0,0,6,"approach-counter,engage-staff,gaze-avert,wait-acknowledge,wait-for-turn,yield-pass",wait-for-turn -> yield-pass -> approach-counter -> engage-staff -> wait-acknowledge -> gaze-avert,6,3,2.302585,0.460517,2.302585,10.841745,1,3,3,1.0,"{""wait_patiently"": 0.07285, ""courtesy_space"": 0.061652, ""direct_approach"": 0.041706}","{""wait-acknowledge"": 0.036425, ""wait-for-turn"": 0.036425, ""gaze-avert"": 0.030826, ""yield-pass"": 0.030826, ""engage-staff"": 0.020853, ""approach-counter"": 0.020853}",0.0
exp2,exp2_hospital_k3_approach_service_courtesy_space_direct_approach,hospital,"approach_service,courtesy_space,direct_approach",3,0,0,0,0,5,"approach-counter,engage-staff,gaze-at-agent,gaze-avert,yield-pass",gaze-avert -> yield-pass -> approach-counter -> gaze-at-agent -> engage-staff,5,3,2.302585,0.575646,2.302585,6.271892,1,3,2,1.0,"{""approach_service"": 0.060386, ""courtesy_space"": 0.055249, ""direct_approach"": 0.038304}","{""approach-counter"": 0.049345, ""gaze-at-agent"": 0.030193, ""gaze-avert"": 0.027624, ""yield-pass"": 0.027624, ""engage-staff"": 0.019152}",0.0
exp2,exp2_hospital_k4_observe_scene_queue_position_wait_patiently_approach_service,hospital,"observe_scene,queue_position,wait_patiently,approach_service",4,0,0,0,0,8,"approach-counter,gaze-at-agent,gaze-scan,position-in-queue,scan-environment,wait-acknowledge,wait-for-turn,yield-pass",scan-environment -> position-in-queue -> wait-for-turn -> approach-counter -> wait-acknowledge -> yield-pass -> gaze-scan -> gaze-at-agent,8,5,4.60517,0.657881,2.302585,13.040465,2,5,3,1.0,"{""wait_patiently"": 0.090921, ""queue_position"": 0.088674, ""observe_scene"": 0.086479, ""approach_service"": 0.084148}","{""wait-acknowledge"": 0.045461, ""wait-for-turn"": 0.045461, ""yield-pass"": 0.044337, ""position-in-queue"": 0.044337, ""gaze-scan"": 0.04324, ""scan-environment"": 0.04324, ""approach-counter"": 0.042074, ""gaze-at-agent"": 0.042074}",0.0
exp2,exp2_hospital_k4_observe_scene_queue_position_wait_patiently_courtesy_space,hospital,"observe_scene,queue_position,wait_patiently,courtesy_space",4,0,0,0,0,7,"gaze-avert,gaze-scan,position-in-queue,scan-environment,wait-acknowledge,wait-for-turn,yield-pass",scan-environment -> gaze-scan -> position-in-queue -> wait-for-turn -> yield-pass -> wait-acknowledge -> gaze-avert,7,3,6.907755,1.151293,2.302585,10.522171,2,3,4,1.0,"{""wait_patiently"": 0.0883, ""queue_position"": 0.08557, ""observe_scene"": 0.084096, ""courtesy_space"": 0.072561}","{""wait-acknowledge"": 0.04415, ""wait-for-turn"": 0.04415, ""yield-pass"": 0.079066, ""position-in-queue"": 0.042785, ""gaze-scan"": 0.042048, ""scan-environment"": 0.042048, ""gaze-avert"": 0.036281}",0.0
exp2,exp2_hospital_k4_observe_scene_queue_position_wait_patiently_direct_approach,hospital,"observe_scene,queue_position,wait_patiently,direct_approach",4,0,0,0,0,8,"approach-counter,engage-staff,gaze-scan,position-in-queue,scan-environment,wait-acknowledge,wait-for-turn,yield-pass",scan-environment -> position-in-queue -> wait-for-turn -> approach-counter -> engage-staff -> wait-acknowledge -> yield-pass -> gaze-scan,8,5,0.0,0.0,-0.0,15.651388,2,5,3,1.0,"{""wait_patiently"": 0.083623, ""queue_position"": 0.081061, ""observe_scene"": 0.07856, ""direct_approach"": 0.046399}","{""wait-acknowledge"": 0.041812, ""wait-for-turn"": 0.041812, ""yield-pass"": 0.040531, ""position-in-queue"": 0.040531, ""gaze-scan"": 0.03928, ""scan-environment"": 0.03928, ""engage-staff"": 0.023199, ""approach-counter"": 0.023199}",0.0
exp2,exp2_hospital_k4_observe_scene_queue_position_approach_service_courtesy_space,hospital,"observe_scene,queue_position,approach_service,courtesy_space",4,0,0,0,0,7,"approach-counter,gaze-at-agent,gaze-avert,gaze-scan,position-in-queue,scan-environment,yield-pass",scan-environment -> position-in-queue -> yield-pass -> gaze-scan -> approach-counter -> gaze-at-agent -> gaze-avert,7,4,4.60517,0.767528,2.302585,11.85793,2,4,3,1.0,"{""queue_position"": 0.083578, ""observe_scene"": 0.081948, ""approach_service"": 0.080265, ""courtesy_space"": 0.070847}","{""yield-pass"": 0.077213, ""position-in-queue"": 0.041789, ""gaze-scan"": 0.040974, ""scan-environment"": 0.040974, ""approach-counter"": 0.040133, ""gaze-at-agent"": 0.040133, ""gaze-avert"": 0.035423}",0.0
exp2,exp2_hospital_k4_observe_scene_queue_position_approach_service_direct_approach,hospital,"observe_scene,queue_position,approach_service,direct_approach",4,0,0,0,0,7,"approach-counter,engage-staff,gaze-at-agent,gaze-scan,position-in-queue,scan-environment,yield-pass",approach-counter -> engage-staff -> gaze-at-agent -> position-in-queue -> yield-pass -> gaze-scan -> scan-environment,7,5,4.60517,0.767528,2.302585,10.579744,2,5,2,1.0,"{""queue_position"": 0.078505, ""observe_scene"": 0.076031, ""approach_service"": 0.071935, ""direct_approach"": 0.043958}","{""yield-pass"": 0.039252, ""position-in-queue"": 0.039252, ""gaze-scan"": 0.038015, ""scan-environment"": 0.038015, ""approach-counter"": 0.057947, ""gaze-at-agent"": 0.035968, ""engage-staff"": 0.021979}",0.0
exp2,exp2_hospital_k4_observe_scene_queue_position_courtesy_space_direct_approach,hospital,"observe_scene,queue_position,courtesy_space,direct_approach",4,0,0,0,0,7,"approach-counter,engage-staff,gaze-avert,gaze-scan,position-in-queue,scan-environment,yield-pass",approach-counter -> engage-staff -> gaze-avert -> yield-pass -> position-in-queue -> gaze-scan -> scan-environment,7,4,2.302585,0.383764,2.302585,14.445634,2,4,3,1.0,"{""queue_position"": 0.076117, ""observe_scene"": 0.073545, ""courtesy_space"": 0.064761, ""direct_approach"": 0.042498}","{""yield-pass"": 0.070439, ""position-in-queue"": 0.038059, ""gaze-scan"": 0.036772, ""scan-environment"": 0.036772, ""gaze-avert"": 0.032381, ""engage-staff"": 0.021249, ""approach-counter"": 0.021249}",0.0
exp2,exp2_hospital_k4_observe_scene_wait_patiently_approach_service_courtesy_space,hospital,"observe_scene,wait_patiently,approach_service,courtesy_space",4,0,0,0,0,8,"approach-counter,gaze-at-agent,gaze-avert,gaze-scan,scan-environment,wait-acknowledge,wait-for-turn,yield-pass",wait-for-turn -> gaze-scan -> approach-counter -> wait-acknowledge -> scan-environment -> gaze-at-agent -> gaze-avert -> yield-pass,8,4,6.907755,0.986822,2.302585,14.03574,1,4,4,1.0,"{""wait_patiently"": 0.086876, ""observe_scene"": 0.0827, ""approach_service"": 0.080966, ""courtesy_space"": 0.071534}","{""wait-acknowledge"": 0.043438, ""wait-for-turn"": 0.043438, ""gaze-scan"": 0.04135, ""scan-environment"": 0.04135, ""approach-counter"": 0.040483, ""gaze-at-agent"": 0.040483, ""gaze-avert"": 0.035767, ""yield-pass"": 0.035767}",0.0
exp2,exp2_hospital_k4_observe_scene_wait_patiently_approach_service_direct_approach,hospital,"observe_scene,wait_patiently,approach_service,direct_approach",4,0,0,0,0,7,"approach-counter,engage-staff,gaze-at-agent,gaze-scan,scan-environment,wait-acknowledge,wait-for-turn",wait-for-turn -> gaze-scan -> approach-counter -> gaze-at-agent -> engage-staff -> wait-acknowledge -> scan-environment,7,5,4.60517,0.767528,2.302585,10.415749,0,5,2,1.0,"{""wait_patiently"": 0.081638, ""observe_scene"": 0.076723, ""approach_service"": 0.072345, ""direct_approach"": 0.044481}","{""wait-acknowledge"": 0.040819, ""wait-for-turn"": 0.040819, ""gaze-scan"": 0.038362, ""scan-environment"": 0.038362, ""approach-counter"": 0.058413, ""gaze-at-agent"": 0.036173, ""engage-staff"": 0.02224}",0.0
exp2,exp2_hospital_k4_observe_scene_wait_patiently_courtesy_space_direct_approach,hospital,"observe_scene,wait_patiently,courtesy_space,direct_approach",4,0,0,0,0,8,"approach-counter,engage-staff,gaze-avert,gaze-scan,scan-environment,wait-acknowledge,wait-for-turn,yield-pass",wait-for-turn -> gaze-scan -> approach-counter -> engage-staff -> wait-acknowledge -> scan-environment -> gaze-avert -> yield-pass,8,4,4.60517,0.657881,2.302585,16.535337,1,4,4,1.0,"{""wait_patiently"": 0.079169, ""observe_scene"": 0.074237, ""courtesy_space"": 0.064907, ""direct_approach"": 0.043109}","{""wait-acknowledge"": 0.039585, ""wait-for-turn"": 0.039585, ""gaze-scan"": 0.037119, ""scan-environment"": 0.037119, ""gaze-avert"": 0.032454, ""yield-pass"": 0.032454, ""engage-staff"": 0.021554, ""approach-counter"": 0.021554}",0.0
exp2,exp2_hospital_k4_observe_scene_approach_service_courtesy_space_direct_approach,hospital,"observe_scene,approach_service,courtesy_space,direct_approach",4,0,0,0,0,7,"approach-counter,engage-staff,gaze-at-agent,gaze-avert,gaze-scan,scan-environment,yield-pass",gaze-scan -> approach-counter -> gaze-at-agent -> engage-staff -> scan-environment -> gaze-avert -> yield-pass,7,4,6.907755,1.151293,2.302585,11.358245,1,4,3,1.0,"{""observe_scene"": 0.071413, ""approach_service"": 0.067603, ""courtesy_space"": 0.061497, ""direct_approach"": 0.040828}","{""gaze-scan"": 0.035706, ""scan-environment"": 0.035706, ""approach-counter"": 0.054216, ""gaze-at-agent"": 0.033802, ""gaze-avert"": 0.030749, ""yield-pass"": 0.030749, ""engage-staff"": 0.020414}",0.0
exp2,exp2_hospital_k4_queue_position_wait_patiently_approach_service_courtesy_space,hospital,"queue_position,wait_patiently,approach_service,courtesy_space",4,0,0,0,0,7,"approach-counter,gaze-at-agent,gaze-avert,position-in-queue,wait-acknowledge,wait-for-turn,yield-pass",position-in-queue -> wait-for-turn -> yield-pass -> approach-counter -> wait-acknowledge -> gaze-at-agent -> gaze-avert,7,4,4.60517,0.767528,2.302585,10.273597,2,4,3,1.0,"{""wait_patiently"": 0.087588, ""queue_position"": 0.084923, ""approach_service"": 0.081726, ""courtesy_space"": 0.072249}","{""wait-acknowledge"": 0.043794, ""wait-for-turn"": 0.043794, ""yield-pass"": 0.078586, ""position-in-queue"": 0.042462, ""approach-counter"": 0.040863, ""gaze-at-agent"": 0.040863, ""gaze-avert"": 0.036125}",0.0
exp2,exp2_hospital_k4_queue_position_wait_patiently_approach_service_direct_approach,hospital,"queue_position,wait_patiently,approach_service,direct_approach",4,0,0,0,0,7,"approach-counter,engage-staff,gaze-at-agent,position-in-queue,wait-acknowledge,wait-for-turn,yield-pass",position-in-queue -> wait-for-turn -> yield-pass -> approach-counter -> gaze-at-agent -> engage-staff -> wait-acknowledge,7,5,4.60517,0.767528,2.302585,9.53865,2,5,2,1.0,"{""wait_patiently"": 0.08245, ""queue_position"": 0.079994, ""approach_service"": 0.073067, ""direct_approach"": 0.04514}","{""wait-acknowledge"": 0.041225, ""wait-for-turn"": 0.041225, ""yield-pass"": 0.039997, ""position-in-queue"": 0.039997, ""approach-counter"": 0.059103, ""gaze-at-agent"": 0.036533, ""engage-staff"": 0.02257}",0.0
exp2,exp2_hospital_k4_queue_position_wait_patiently_courtesy_space_direct_approach,hospital,"queue_position,wait_patiently,courtesy_space,direct_approach",4,0,0,0,0,7,"approach-counter,engage-staff,gaze-avert,position-in-queue,wait-acknowledge,wait-for-turn,yield-pass",position-in-queue -> wait-for-turn -> yield-pass -> approach-counter -> engage-staff -> wait-acknowledge -> gaze-avert,7,4,2.302585,0.383764,2.302585,12.714753,2,4,3,1.0,"{""wait_patiently"": 0.080023, ""queue_position"": 0.077547, ""courtesy_space"": 0.066371, ""direct_approach"": 0.043937}","{""wait-acknowledge"": 0.040012, ""wait-for-turn"": 0.040012, ""yield-pass"": 0.071959, ""position-in-queue"": 0.038774, ""gaze-avert"": 0.033185, ""engage-staff"": 0.021969, ""approach-counter"": 0.021969}",0.0
exp2,exp2_hospital_k4_queue_position_approach_service_courtesy_space_direct_approach,hospital,"queue_position,approach_service,courtesy_space,direct_approach",4,0,0,0,0,6,"approach-counter,engage-staff,gaze-at-agent,gaze-avert,position-in-queue,yield-pass",yield-pass -> approach-counter -> gaze-at-agent -> engage-staff -> position-in-queue -> gaze-avert,6,4,6.907755,1.381551,2.302585,8.527754,2,4,2,1.0,"{""queue_position"": 0.075011, ""approach_service"": 0.06847, ""courtesy_space"": 0.063593, ""direct_approach"": 0.041541}","{""yield-pass"": 0.069302, ""position-in-queue"": 0.037505, ""approach-counter"": 0.055006, ""gaze-at-agent"": 0.034235, ""gaze-avert"": 0.031797, ""engage-staff"": 0.020771}",0.0
exp2,exp2_hospital_k4_wait_patiently_approach_service_courtesy_space_direct_approach,hospital,"wait_patiently,approach_service,courtesy_space,direct_approach",4,0,0,0,0,7,"approach-counter,engage-staff,gaze-at-agent,gaze-avert,wait-acknowledge,wait-for-turn,yield-pass",wait-for-turn -> yield-pass -> approach-counter -> engage-staff -> wait-acknowledge -> gaze-at-agent -> gaze-avert,7,4,2.302585,0.383764,2.302585,10.46611,1,4,3,1.0,"{""wait_patiently"": 0.077755, ""approach_service"": 0.068807, ""courtesy_space"": 0.063578, ""direct_approach"": 0.042024}","{""wait-acknowledge"": 0.038878, ""wait-for-turn"": 0.038878, ""approach-counter"": 0.055415, ""gaze-at-agent"": 0.034403, ""gaze-avert"": 0.031789, ""yield-pass"": 0.031789, ""engage-staff"": 0.021012}",0.0
exp2,exp2_hospital_k5_observe_scene_queue_position_wait_patiently_approach_service_courtesy_space,hospital,"observe_scene,queue_position,wait_patiently,approach_service,courtesy_space",5,0,0,0,0,9,"approach-counter,gaze-at-agent,gaze-avert,gaze-scan,position-in-queue,scan-environment,wait-acknowledge,wait-for-turn,yield-pass",scan-environment -> position-in-queue -> wait-for-turn -> gaze-scan -> approach-counter -> yield-pass -> wait-acknowledge -> gaze-at-agent -> gaze-avert,9,5,6.907755,0.863469,2.302585,15.950059,2,5,4,1.0,"{""wait_patiently"": 0.088365, ""queue_position"": 0.085612, ""observe_scene"": 0.083837, ""approach_service"": 0.081863, ""courtesy_space"": 0.071968}","{""wait-acknowledge"": 0.044183, ""wait-for-turn"": 0.044183, ""yield-pass"": 0.07879, ""position-in-queue"": 0.042806, ""gaze-scan"": 0.041919, ""scan-environment"": 0.041919, ""approach-counter"": 0.040931, ""gaze-at-agent"": 0.040931, ""gaze-avert"": 0.035984}",0.0
exp2,exp2_hospital_k5_observe_scene_queue_position_wait_patiently_approach_service_direct_approach,hospital,"observe_scene,queue_position,wait_patiently,approach_service,direct_approach",5,0,0,0,0,9,"approach-counter,engage-staff,gaze-at-agent,gaze-scan,position-in-queue,scan-environment,wait-acknowledge,wait-for-turn,yield-pass",scan-environment -> position-in-queue -> wait-for-turn -> gaze-scan -> approach-counter -> gaze-at-agent -> engage-staff -> wait-acknowledge -> yield-pass,9,6,4.60517,0.575646,2.302585,15.102943,2,6,3,1.0,"{""wait_patiently"": 0.084655, ""queue_position"": 0.082057, ""observe_scene"": 0.07946, ""approach_service"": 0.07519, ""direct_approach"": 0.045312}","{""wait-acknowledge"": 0.042327, ""wait-for-turn"": 0.042327, ""yield-pass"": 0.041028, ""position-in-queue"": 0.041028, ""gaze-scan"": 0.03973, ""scan-environment"": 0.03973, ""approach-counter"": 0.060251, ""gaze-at-agent"": 0.037595, ""engage-staff"": 0.022656}",0.0
exp2,exp2_hospital_k5_observe_scene_queue_position_wait_patiently_courtesy_space_direct_approach,hospital,"observe_scene,queue_position,wait_patiently,courtesy_space,direct_approach",5,0,0,0,0,9,"approach-counter,engage-staff,gaze-avert,gaze-scan,position-in-queue,scan-environment,wait-acknowledge,wait-for-turn,yield-pass",scan-environment -> position-in-queue -> wait-for-turn -> gaze-scan -> approach-counter -> engage-staff -> yield-pass -> wait-acknowledge -> gaze-avert,9,5,6.907755,0.863469,2.302585,18.483099,2,5,4,1.0,"{""wait_patiently"": 0.082786, ""queue_position"": 0.08005, ""observe_scene"": 0.077655, ""courtesy_space"": 0.067471, ""direct_approach"": 0.044357}","{""wait-acknowledge"": 0.041393, ""wait-for-turn"": 0.041393, ""yield-pass"": 0.07376, ""position-in-queue"": 0.040025, ""gaze-scan"": 0.038828, ""scan-environment"": 0.038828, ""gaze-avert"": 0.033735, ""engage-staff"": 0.022179, ""approach-counter"": 0.022179}",0.0
exp2,exp2_hospital_k5_observe_scene_queue_position_approach_service_courtesy_space_direct_approach,hospital,"observe_scene,queue_position,approach_service,courtesy_space,direct_approach",5,0,0,0,0,8,"approach-counter,engage-staff,gaze-at-agent,gaze-avert,gaze-scan,position-in-queue,scan-environment,yield-pass",scan-environment -> position-in-queue -> yield-pass -> approach-counter -> gaze-scan -> gaze-at-agent -> gaze-avert -> engage-staff,8,5,9.21034,1.315763,2.302585,13.758517,2,5,3,1.0,"{""queue_position"": 0.078215, ""observe_scene"": 0.075706, ""approach_service"": 0.071858, ""courtesy_space"": 0.065501, ""direct_approach"": 0.042583}","{""yield-pass"": 0.071858, ""position-in-queue"": 0.039108, ""gaze-scan"": 0.037853, ""scan-environment"": 0.037853, ""approach-counter"": 0.05722, ""gaze-at-agent"": 0.035929, ""gaze-avert"": 0.03275, ""engage-staff"": 0.021291}",0.0
exp2,exp2_hospital_k5_observe_scene_wait_patiently_approach_service_courtesy_space_direct_approach,hospital,"observe_scene,wait_patiently,approach_service,courtesy_space,direct_approach",5,0,0,0,0,9,"approach-counter,engage-staff,gaze-at-agent,gaze-avert,gaze-scan,scan-environment,wait-acknowledge,wait-for-turn,yield-pass",wait-for-turn -> gaze-scan -> yield-pass -> approach-counter -> gaze-at-agent -> engage-staff -> wait-acknowledge -> scan-environment -> gaze-avert,9,5,9.21034,1.151293,2.302585,16.175884,1,5,4,1.0,"{""wait_patiently"": 0.081283, ""observe_scene"": 0.076233, ""approach_service"": 0.072189, ""courtesy_space"": 0.065647, ""direct_approach"": 0.042986}","{""wait-acknowledge"": 0.040642, ""wait-for-turn"": 0.040642, ""gaze-scan"": 0.038117, ""scan-environment"": 0.038117, ""approach-counter"": 0.057587, ""gaze-at-agent"": 0.036094, ""gaze-avert"": 0.032823, ""yield-pass"": 0.032823, ""engage-staff"": 0.021493}",0.0
exp2,exp2_hospital_k5_queue_position_wait_patiently_approach_service_courtesy_space_direct_approach,hospital,"queue_position,wait_patiently,approach_service,courtesy_space,direct_approach",5,0,0,0,0,8,"approach-counter,engage-staff,gaze-at-agent,gaze-avert,position-in-queue,wait-acknowledge,wait-for-turn,yield-pass",position-in-queue -> wait-for-turn -> yield-pass -> approach-counter -> engage-staff -> wait-acknowledge -> gaze-at-agent -> gaze-avert,8,5,2.302585,0.328941,2.302585,12.38993,2,5,3,1.0,"{""wait_patiently"": 0.081914, ""queue_position"": 0.0793, ""approach_service"": 0.072798, ""courtesy_space"": 0.06679, ""direct_approach"": 0.04352}","{""wait-acknowledge"": 0.040957, ""wait-for-turn"": 0.040957, ""yield-pass"": 0.073045, ""position-in-queue"": 0.03965, ""approach-counter"": 0.058159, ""gaze-at-agent"": 0.036399, ""gaze-avert"": 0.033395, ""engage-staff"": 0.02176}",0.0
exp2,exp2_hospital_k6_observe_scene_queue_position_wait_patiently_approach_service_courtesy_space_direct_approach,hospital,"observe_scene,queue_position,wait_patiently,approach_service,courtesy_space,direct_approach",6,0,0,0,0,10,"approach-counter,engage-staff,gaze-at-agent,gaze-avert,gaze-scan,position-in-queue,scan-environment,wait-acknowledge,wait-for-turn,yield-pass",scan-environment -> position-in-queue -> wait-for-turn -> gaze-scan -> approach-counter -> gaze-at-agent -> engage-staff -> yield-pass -> wait-acknowledge -> gaze-avert,10,6,9.21034,1.023371,2.302585,18.214478,2,6,4,1.0,"{""wait_patiently"": 0.083781, ""queue_position"": 0.081014, ""observe_scene"": 0.078582, ""approach_service"": 0.074683, ""courtesy_space"": 0.067645, ""direct_approach"": 0.043965}","{""wait-acknowledge"": 0.04189, ""wait-for-turn"": 0.04189, ""yield-pass"": 0.074329, ""position-in-queue"": 0.040507, ""gaze-scan"": 0.039291, ""scan-environment"": 0.039291, ""approach-counter"": 0.059324, ""gaze-at-agent"": 0.037342, ""gaze-avert"": 0.033822, ""engage-staff"": 0.021983}",0.0
